-- phpMyAdmin SQL Dump
-- version 4.8.5
-- https://www.phpmyadmin.net/
--
-- Host: localhost:3306
-- Generation Time: Jul 01, 2019 at 12:17 AM
-- Server version: 10.3.14-MariaDB
-- PHP Version: 7.3.2

SET SQL_MODE = "NO_AUTO_VALUE_ON_ZERO";
SET AUTOCOMMIT = 0;
START TRANSACTION;
SET time_zone = "+00:00";


/*!40101 SET @OLD_CHARACTER_SET_CLIENT=@@CHARACTER_SET_CLIENT */;
/*!40101 SET @OLD_CHARACTER_SET_RESULTS=@@CHARACTER_SET_RESULTS */;
/*!40101 SET @OLD_COLLATION_CONNECTION=@@COLLATION_CONNECTION */;
/*!40101 SET NAMES utf8mb4 */;

--
-- Database: `id9847475_elsbarcode`
--

--
-- Dumping data for table `departments`
--

INSERT INTO `departments` (`id`, `name`, `allow_spareparts`, `created_at`, `updated_at`) VALUES
(1, 'Accounting', 0, NULL, NULL),
(2, 'Marketing', 0, NULL, NULL),
(3, 'Sales', 0, NULL, NULL),
(4, 'CSI', 1, NULL, NULL),
(5, 'Installaction', 1, NULL, NULL),
(6, 'ECTCC', 1, NULL, NULL),
(7, 'Logistics', 1, NULL, NULL),
(8, 'Services', 1, NULL, NULL),
(9, 'HR', 0, NULL, NULL);

--
-- Dumping data for table `locations`
--

INSERT INTO `locations` (`id`, `name`, `location`, `created_at`, `updated_at`) VALUES
(1, 'Main office', NULL, NULL, NULL),
(2, 'Ware House 1', NULL, NULL, NULL),
(3, 'Ware House 2', NULL, NULL, NULL),
(4, 'Ware House 3', NULL, NULL, NULL),
(5, 'Ware House 4', NULL, NULL, NULL),
(6, 'Ware House 5', NULL, NULL, NULL),
(7, 'Client', NULL, NULL, NULL),
(8, 'Supplier', NULL, NULL, NULL);

--
-- Dumping data for table `migrations`
--

INSERT INTO `migrations` (`id`, `migration`, `batch`) VALUES
(1, '2014_10_12_000000_create_users_table', 1),
(2, '2014_10_12_100000_create_password_resets_table', 1),
(3, '2016_06_01_000001_create_oauth_auth_codes_table', 1),
(4, '2016_06_01_000002_create_oauth_access_tokens_table', 1),
(5, '2016_06_01_000003_create_oauth_refresh_tokens_table', 1),
(6, '2016_06_01_000004_create_oauth_clients_table', 1),
(7, '2016_06_01_000005_create_oauth_personal_access_clients_table', 1),
(8, '2019_03_03_105007_create_locations_table', 1),
(9, '2019_03_22_111412_create_areas_table', 1),
(10, '2019_03_23_080629_create_clients_table', 1),
(11, '2019_03_23_085632_create_branches_table', 1),
(12, '2019_03_27_145610_create_suppliers_table', 1),
(13, '2019_03_30_234702_create_roles_table', 1),
(14, '2019_03_31_073444_create_role_users_table', 1),
(15, '2019_05_13_164914_create_trucks_table', 1),
(16, '2019_05_14_101002_create_departments_table', 1),
(17, '2019_05_14_101003_create_employees_table', 1),
(18, '2019_05_14_102706_create_incoming_reports_table', 1),
(19, '2019_05_14_104508_create_outgoing_reports_table', 1),
(20, '2019_05_15_100133_create_parts_infos_table', 1),
(21, '2019_05_15_100144_create_office_item_infos_table', 1),
(22, '2019_05_15_101002_create_parts_items_table', 1),
(23, '2019_05_15_143718_create_department_users_table', 1),
(24, '2019_05_24_092005_create_origins_table', 1),
(25, '2019_05_27_165901_create_parts_item_logs_table', 1),
(26, '2019_05_28_184554_create_parts_info_logs_table', 1),
(27, '2019_06_14_200332_create_ques_table', 1),
(28, '2019_06_14_200820_create_que_items_table', 1);

--
-- Dumping data for table `oauth_access_tokens`
--

INSERT INTO `oauth_access_tokens` (`id`, `user_id`, `client_id`, `name`, `scopes`, `revoked`, `created_at`, `updated_at`, `expires_at`) VALUES
('01100350a20c2d85d2b9da2e19f33f188b62c8240d6244c25e9f1c9686c24e642e3c9d6711a891bc', 6, 1, NULL, '[]', 0, '2019-06-25 14:25:35', '2019-06-25 14:25:35', '2020-06-25 14:25:35'),
('063ff465e700d5b09bd24f276a2b4831dc46e9a93a5a553ea9f73f985bef6884a2e4b0e744a80ef5', 7, 1, NULL, '[]', 0, '2019-06-24 16:03:22', '2019-06-24 16:03:22', '2020-06-24 16:03:22'),
('0691adad27744844cac8f1d7c68836ea31dfa000559a85d4ecad688de245f8197ecf1ac801dd675d', 7, 1, NULL, '[]', 0, '2019-06-24 13:29:11', '2019-06-24 13:29:11', '2020-06-24 13:29:11'),
('0d591c1de9de845e4d0b7a423e498a3e2665da2b8ca8d9f58cb1b5794cd4af34a73bc7e202f2635a', 6, 1, NULL, '[]', 0, '2019-06-26 13:54:21', '2019-06-26 13:54:21', '2020-06-26 13:54:21'),
('0f81e3ddab318e8e7ffd2615045ca8e9b757069b0753e1319babc46fc20010f30a561d7710f8129f', 6, 1, NULL, '[]', 0, '2019-06-26 07:44:15', '2019-06-26 07:44:15', '2020-06-26 07:44:15'),
('1157e68d108ca5aaadcc83740c8187c9b282898418f775cb06488c024d7a8d4ec1474d2a7ce75293', 6, 1, NULL, '[]', 0, '2019-06-27 15:54:37', '2019-06-27 15:54:37', '2020-06-27 15:54:37'),
('12e279676de80763c8587b1d935b06846da9e894d4400c0e485f1cd202ef38590cbc53b4b3943fec', 6, 1, NULL, '[]', 0, '2019-06-25 10:41:49', '2019-06-25 10:41:49', '2020-06-25 10:41:49'),
('14643beabe2b63c0a2eeaf369a4a139d0e918f59693ac445222900aa1c58e6cfb1962a9623d6054e', 6, 1, NULL, '[]', 0, '2019-07-01 08:05:04', '2019-07-01 08:05:04', '2020-07-01 08:05:04'),
('17f5f1b6dd67d17136e1f891083a7153cfb5415fc3a3c90a41b487a6f9bf7f0aa39868b297f6723c', 6, 1, NULL, '[]', 0, '2019-06-27 13:05:44', '2019-06-27 13:05:44', '2020-06-27 13:05:44'),
('185d4442adef43d0ddb1e894b3f03c37bb5ea1742f2e53571725298fc28346c92b4e3330195b628b', 6, 1, NULL, '[]', 0, '2019-06-26 12:17:03', '2019-06-26 12:17:03', '2020-06-26 12:17:03'),
('1b4ffb92f4c0f5093a156fad8e33a3d0677e3336b8b638aa01a996f6e64f2d0303a1455221a3141b', 7, 1, NULL, '[]', 0, '2019-06-26 13:34:40', '2019-06-26 13:34:40', '2020-06-26 13:34:40'),
('1c24f872ea8e4e06465f791f56dda7210b8fda7a62460356fab8257723f3b5c8493da5e73fd3089a', 6, 1, NULL, '[]', 0, '2019-06-27 16:02:27', '2019-06-27 16:02:27', '2020-06-27 16:02:27'),
('1ee11e120099116080c8a3ba939ccef24dbf22e82fdf89de9956c671d5902078a97d97a708ff4095', 7, 1, NULL, '[]', 0, '2019-06-24 15:57:28', '2019-06-24 15:57:28', '2020-06-24 15:57:28'),
('1f656ab58b77d4e3553f43360850d2c21a7b4bc2dedee5724b41bc8b8777d73b112320096c9581b4', 6, 1, NULL, '[]', 0, '2019-06-27 16:07:22', '2019-06-27 16:07:22', '2020-06-27 16:07:22'),
('20540787d2041ac1cd5a8c90e6ecb48a5463b72c6279d6698eb8d0eaedf460495f7efb69df55bc4a', 6, 1, NULL, '[]', 0, '2019-06-27 14:29:49', '2019-06-27 14:29:49', '2020-06-27 14:29:49'),
('264d98dc21c8a945b1cf71f1ef0021cd09448ef2baf9990ba10c3c2d27fe3b507e83b66c71ae2e87', 7, 1, NULL, '[]', 0, '2019-06-24 10:25:03', '2019-06-24 10:25:03', '2020-06-24 10:25:03'),
('27eaccf95a6c1f798499dae76770f3b0db4666f018d0fbb160097db93c908d455af902396fc8f8d9', 7, 1, NULL, '[]', 0, '2019-06-24 10:49:51', '2019-06-24 10:49:51', '2020-06-24 10:49:51'),
('2e3fecb8725afdb706f88a6953847b57dba2da45979522729d13a8271d8af214f161cac01ba47c18', 6, 1, NULL, '[]', 0, '2019-06-27 16:07:28', '2019-06-27 16:07:28', '2020-06-27 16:07:28'),
('3170f46d00c9c0bdc9af5c9835aee37b3b86f1544f84e0a98f34bf63a7f320afa590d0d8410a0d3c', 6, 1, NULL, '[]', 0, '2019-06-24 14:12:37', '2019-06-24 14:12:37', '2020-06-24 14:12:37'),
('3624fd8a3271bd0685c60f08900b0f8e9374f11ec38180155a2288cb7635e71c12ff1b2df889afb3', 6, 1, NULL, '[]', 0, '2019-06-27 13:06:26', '2019-06-27 13:06:26', '2020-06-27 13:06:26'),
('374404fff90e7d810dec0aca4e482daaa626f908e82249608528a833b63277987b2ebf7d18feb135', 6, 1, NULL, '[]', 0, '2019-06-25 13:43:09', '2019-06-25 13:43:09', '2020-06-25 13:43:09'),
('38122c58d82fbb0fd36d414227c672ed7003b80551e6669545d4a8442ae121d800e503168e0ccaaa', 6, 1, NULL, '[]', 0, '2019-06-27 16:11:56', '2019-06-27 16:11:56', '2020-06-27 16:11:56'),
('3c5e4bf5624bfd9cdb5db909ebd70b7aeb2516041fa6d5eae7c87e46ed2672d5fc1939542cda84a1', 6, 1, NULL, '[]', 0, '2019-06-24 11:42:22', '2019-06-24 11:42:22', '2020-06-24 11:42:22'),
('3e5dff34df47bda634a522d277165a86f678799d78d4dca8d1192e7af2e4d36744e988f6202f09ee', 5, 1, NULL, '[]', 0, '2019-06-24 15:55:08', '2019-06-24 15:55:08', '2020-06-24 15:55:08'),
('4c506ed7b392bed127814957a0da72130958ea00743efc0986590232e70fe11462faecd4ad3c1bf3', 7, 1, NULL, '[]', 0, '2019-06-24 13:16:59', '2019-06-24 13:16:59', '2020-06-24 13:16:59'),
('4d3c2d8df8593fb1be840e1b92eeaef5c7cb3e56fce0d1c5a3349a93b754c1712172ba14b74db0db', 6, 1, NULL, '[]', 0, '2019-06-25 10:24:14', '2019-06-25 10:24:14', '2020-06-25 10:24:14'),
('4d605eae5d27e66a3636d23581e2a2f4ac5bba9ce3f05a50d4237b48453d01810608e8e74ab5544c', 6, 1, NULL, '[]', 0, '2019-06-27 11:15:17', '2019-06-27 11:15:17', '2020-06-27 11:15:17'),
('556864e0d8fa3d3f5d8594155c1c4cb00f57e39b55c4131cd607773abce57a6cf78a1d0385f55a07', 5, 1, NULL, '[]', 0, '2019-06-24 16:25:36', '2019-06-24 16:25:36', '2020-06-24 16:25:36'),
('55ac7d7676237e5cc90f6937b0b25514a3770c42cecbe04662afdd84c0960091ef49e867bd75643c', 7, 1, NULL, '[]', 0, '2019-06-24 17:17:33', '2019-06-24 17:17:33', '2020-06-24 17:17:33'),
('5e8c11e4f0dfaf36e8db2f81b81b47b52c7ac6055989fa813556fb2751a748860cdc57c32f91b139', 7, 1, NULL, '[]', 0, '2019-06-26 14:43:52', '2019-06-26 14:43:52', '2020-06-26 14:43:52'),
('5fca2e0c9bbd7081a117a4b16d73c81f44675156d026d29deadfb1878c636e5caac9a243315cadad', 7, 1, NULL, '[]', 0, '2019-06-26 12:56:06', '2019-06-26 12:56:06', '2020-06-26 12:56:06'),
('6016ca162171277338741c4a7f9d1c886dbb7ffb085a5591d35ff8448f77ec4e1f68b61624718ef0', 7, 1, NULL, '[]', 0, '2019-06-24 11:42:24', '2019-06-24 11:42:24', '2020-06-24 11:42:24'),
('60dea03cd199907213625a7c0a4ef4f41d8dfa2cac30bfe839d9613d65e279fa9a17117a0afdf1f7', 6, 1, NULL, '[]', 0, '2019-06-26 13:51:23', '2019-06-26 13:51:23', '2020-06-26 13:51:23'),
('60eac992605db65b127c95edd85fe055679e26bd33d394c570bf9a86232366dae2a11a05ad80600a', 6, 1, NULL, '[]', 0, '2019-06-26 07:45:35', '2019-06-26 07:45:35', '2020-06-26 07:45:35'),
('6129ea616be4740be5cbd0d80c0dcb926bdf92953ab6d3ca593bd4c2c098d13e905b0850dfcc879f', 6, 1, NULL, '[]', 0, '2019-06-25 11:05:35', '2019-06-25 11:05:35', '2020-06-25 11:05:35'),
('6189692059b950914f657fe41a3b22c9acc999cc9131c7fcd87e79b9fe454e4fbee3bb768fc21e6a', 6, 1, NULL, '[]', 0, '2019-06-25 09:49:26', '2019-06-25 09:49:26', '2020-06-25 09:49:26'),
('61a4810fba91b56e5d7538a0f3c4ff0fb5274f95c3b729e95d44c718cb52d23e08f4edb2b63eae87', 7, 1, NULL, '[]', 0, '2019-06-24 10:48:12', '2019-06-24 10:48:12', '2020-06-24 10:48:12'),
('64761b7a8f21dbec947117041cdb219f253f20b3a56d519fe0cc228be29aa59ee331db2a490fa6a1', 6, 1, NULL, '[]', 0, '2019-06-25 13:51:37', '2019-06-25 13:51:37', '2020-06-25 13:51:37'),
('647f7d47518cfd2857c255b53995e82332dc622cc5484bbabc996eca2622fb0371410c96f215ab82', 6, 1, NULL, '[]', 0, '2019-06-25 13:48:57', '2019-06-25 13:48:57', '2020-06-25 13:48:57'),
('6752fa7c9c75c5e42649365c3702db37763dbd2af6e039ef6c603e79ab3a56c2f2033784444cb297', 6, 1, NULL, '[]', 0, '2019-06-29 19:58:24', '2019-06-29 19:58:24', '2020-06-29 19:58:24'),
('68ec28e0cedde6f86078500c511a0b401d6bb25a97f951f1c78449a9d35fc8223cb160e9f5bdfe73', 7, 1, NULL, '[]', 0, '2019-06-26 13:17:23', '2019-06-26 13:17:23', '2020-06-26 13:17:23'),
('708941d859432a6138e47ad263c98114c6f3599189bf4f734aae8a791992d85a4cf73022cbbf4358', 5, 1, NULL, '[]', 0, '2019-06-24 15:59:02', '2019-06-24 15:59:02', '2020-06-24 15:59:02'),
('717a049a89392236eab3fa95cf7c2d585a2c1c8e422236ac0575cf115dff1ee74fa60afb3ebb5483', 6, 1, NULL, '[]', 0, '2019-06-24 10:25:28', '2019-06-24 10:25:28', '2020-06-24 10:25:28'),
('732fd119a4ea334097a687b1d0800a3514b0799060c1540a415b532c62ecc64969ada645a9df0bd9', 6, 1, NULL, '[]', 0, '2019-06-27 15:34:55', '2019-06-27 15:34:55', '2020-06-27 15:34:55'),
('74d006189d08b222b1ecd25fa128b57f766bd30f2cc2fa5b04233337461d72d2e29e1c710288dea7', 7, 1, NULL, '[]', 0, '2019-06-26 14:03:32', '2019-06-26 14:03:32', '2020-06-26 14:03:32'),
('80a73fda56894a6245188ae2b544ccff82d48c648eac238fb4fc88be416fd42cdcacc72946259b5c', 6, 1, NULL, '[]', 0, '2019-06-27 13:15:10', '2019-06-27 13:15:10', '2020-06-27 13:15:10'),
('822585275b433b7f88a62e21f402653271e7fd6e2265583379b69278678697f863023d1a2a7c18c6', 6, 1, NULL, '[]', 0, '2019-06-26 08:01:55', '2019-06-26 08:01:55', '2020-06-26 08:01:55'),
('850a3b10325b7b7f198e85b5dbd1faed4524ae3335def3e1342d8de715aefe26ecbac8290cdf6ba6', 6, 1, NULL, '[]', 0, '2019-06-27 12:31:48', '2019-06-27 12:31:48', '2020-06-27 12:31:48'),
('8529aa0ce5d864d05ea98b8154941c6c6bd44039428f176e739e2ac119bb335722f611897615264a', 7, 1, NULL, '[]', 0, '2019-06-24 11:52:47', '2019-06-24 11:52:47', '2020-06-24 11:52:47'),
('8615cb967a4a533d28fe7173b033810943404eadf29fae77c1ed7e74dc075d8b1dd688c2e47e4d9f', 6, 1, NULL, '[]', 0, '2019-06-29 19:59:29', '2019-06-29 19:59:29', '2020-06-29 19:59:29'),
('8aafac34e60b550c881abe42a5738ebcb8dd632e88ba11a6a75996b3718823c4f9d9e4947409e28b', 6, 1, NULL, '[]', 0, '2019-06-25 15:54:34', '2019-06-25 15:54:34', '2020-06-25 15:54:34'),
('8f26c58bfc3d9d34e7acd4dd318028a4690fee1b8c40ab450b4fbf517a4bcdd0fa1afe059cb50a7c', 5, 1, NULL, '[]', 0, '2019-06-24 16:21:53', '2019-06-24 16:21:53', '2020-06-24 16:21:53'),
('8f38234276fee59799db94b702643d314a221592b7ad7a080f618d834230e842e2a9b48b187b1a88', 6, 1, NULL, '[]', 0, '2019-06-25 08:12:40', '2019-06-25 08:12:40', '2020-06-25 08:12:40'),
('91670ab3147236e05f755470bcefe486dd6bb3efb86f636aabfdcf7b5c2f9197960cd1a471b9981d', 7, 1, NULL, '[]', 0, '2019-06-24 11:09:34', '2019-06-24 11:09:34', '2020-06-24 11:09:34'),
('93152203d8b99fa1c480145038b8c575e2d1ec3e22e7f0e948d1d512aba1d681cc10ee54dfda04aa', 6, 1, NULL, '[]', 0, '2019-06-25 11:05:01', '2019-06-25 11:05:01', '2020-06-25 11:05:01'),
('949c3e6f55714f802d957666ebc968d506a9bb933acf5b699770b57e955ff29b1513b7fe2667df6c', 6, 1, NULL, '[]', 0, '2019-06-27 16:07:42', '2019-06-27 16:07:42', '2020-06-27 16:07:42'),
('97f9c7574b4d68c31af33d87789704a70c87489966e366be4c606337bc51e7a41908a2c3916289ee', 6, 1, NULL, '[]', 0, '2019-06-27 14:33:38', '2019-06-27 14:33:38', '2020-06-27 14:33:38'),
('981a3fa62d128cc799628b47582c31c8e9ed56d019443c083bf27a7bce09c8b3af36013dbf41a31c', 7, 1, NULL, '[]', 0, '2019-06-24 15:30:29', '2019-06-24 15:30:29', '2020-06-24 15:30:29'),
('987995cf6305155101017e78a2f3baeb65e55aa1a0f193fda533f912cedefe5889993fc390689a9f', 6, 1, NULL, '[]', 0, '2019-06-24 14:14:17', '2019-06-24 14:14:17', '2020-06-24 14:14:17'),
('9af2bf60b334f1863c01befdcda5165747b9b6f3479b3874c7e89b45b0dc4aa83a559010996a716e', 6, 1, NULL, '[]', 0, '2019-06-27 16:19:36', '2019-06-27 16:19:36', '2020-06-27 16:19:36'),
('9b372bc112a4d2c11fa0283bfad6359283b09b1e0a4b3c3f6352d0a0c41bfe1e8042b7b3dbcd74ab', 6, 1, NULL, '[]', 0, '2019-06-25 14:26:52', '2019-06-25 14:26:52', '2020-06-25 14:26:52'),
('9d29dd28250a72b665db3293a970650ecce5860acc2633c884a3dd918622364dbc96d5b7ffd9985f', 7, 1, NULL, '[]', 0, '2019-06-26 13:29:13', '2019-06-26 13:29:13', '2020-06-26 13:29:13'),
('9e965f40c2e1fa579542f3fa9afffee2d8178e65796f4b4120bf8d666f3344eb121458f3dc844182', 6, 1, NULL, '[]', 0, '2019-06-25 07:21:22', '2019-06-25 07:21:22', '2020-06-25 07:21:22'),
('a54a09f3b5c3f8c89b3f266f38f36bc675158dcc5ca11386dec3f42c2873208869989747cc57a3bb', 6, 1, NULL, '[]', 0, '2019-06-25 13:54:09', '2019-06-25 13:54:09', '2020-06-25 13:54:09'),
('aa78e74e4851db0562093205b4687f48b8f862009f4473beac6698523fc78ad6316a6bcf3e080f73', 6, 1, NULL, '[]', 0, '2019-06-25 13:18:05', '2019-06-25 13:18:05', '2020-06-25 13:18:05'),
('adad80a199da9e8d9bdc3df0476bf594ade23efc9aac58f65af8cee87e4537f3f03e0b2a93fa8e40', 5, 1, NULL, '[]', 0, '2019-06-24 15:49:52', '2019-06-24 15:49:52', '2020-06-24 15:49:52'),
('aedb7744d6b6013226aeebe11a8c2f1949e791708cfc260e44dae817e8faa45bda1d126b9bfefe4d', 6, 1, NULL, '[]', 0, '2019-06-26 12:22:02', '2019-06-26 12:22:02', '2020-06-26 12:22:02'),
('affd69c39ec1d5b70c10a0093cf7eaa936c8a97bc961e52bdef080fea76907d3fe5ce016ee9fce67', 7, 1, NULL, '[]', 0, '2019-06-24 10:39:30', '2019-06-24 10:39:30', '2020-06-24 10:39:30'),
('b0f379ddd2a6dab353245c736ba8a1ce9e53f59e01065ca1e68307badd3c6e9d994085e102b8c739', 7, 1, NULL, '[]', 0, '2019-06-24 16:57:14', '2019-06-24 16:57:14', '2020-06-24 16:57:14'),
('b5f0ca00f456ccfe2878379d9d1687cf54229f5992384410343fcc11b347d5c6e1ef8043cbdaa420', 7, 1, NULL, '[]', 0, '2019-06-24 11:54:18', '2019-06-24 11:54:18', '2020-06-24 11:54:18'),
('b9c2ccbb2d3105de15f22058e9ac4b7608a7782cfcdbb740b45584c2c440149fd0e8ed0f971c1d60', 7, 1, NULL, '[]', 0, '2019-06-24 10:30:23', '2019-06-24 10:30:23', '2020-06-24 10:30:23'),
('ba53f8826da479c92bbab2dd2e7d397687168ca32874b6b0c5dbd3bd9815a7f1f1fe9d5c478dc0dc', 6, 1, NULL, '[]', 0, '2019-06-25 09:24:40', '2019-06-25 09:24:40', '2020-06-25 09:24:40'),
('bac1eb30360806d5df2236015e58eaa95b70cbeb605abb395e94b76a41fa8dc341eca2d7f8d3d461', 7, 1, NULL, '[]', 0, '2019-06-24 10:57:49', '2019-06-24 10:57:49', '2020-06-24 10:57:49'),
('c3faeb446d59919b4a540a616bc1168aabb4476daf4ca0915a432b28206a7ae2271687f3a6cf8a3c', 6, 1, NULL, '[]', 0, '2019-06-25 11:01:57', '2019-06-25 11:01:57', '2020-06-25 11:01:57'),
('c5df2b80543fc03913dafedc9afb2893f3b00b3ddceb333f6783d443cb8d0e592c8efd68015bf8ab', 7, 1, NULL, '[]', 0, '2019-06-26 14:42:18', '2019-06-26 14:42:18', '2020-06-26 14:42:18'),
('c5e02599f8b72c302cbeab6a373689a4a098e57c391c34c3fadb47b58fc57df9ec60bde87c43d51e', 6, 1, NULL, '[]', 0, '2019-06-25 11:04:46', '2019-06-25 11:04:46', '2020-06-25 11:04:46'),
('c6076c12e522e637e83a03082ffeb701fb2337243555f0277cc4bba4658d82aab2a5ac7afca20aa3', 7, 1, NULL, '[]', 0, '2019-06-24 17:16:01', '2019-06-24 17:16:01', '2020-06-24 17:16:01'),
('c835520df763ba9fcfa7c15a8270d201cf8ce4edca4a8052cd2cf3cae54b15597b50d4b727405592', 6, 1, NULL, '[]', 0, '2019-06-27 10:10:40', '2019-06-27 10:10:40', '2020-06-27 10:10:40'),
('cd780105cfe3d4d7268441a55d56446059363c2999f60d9bd1e6a90a93b8cb4cf7d84db833b14748', 6, 1, NULL, '[]', 0, '2019-06-24 10:40:18', '2019-06-24 10:40:18', '2020-06-24 10:40:18'),
('cfcaaef656e427e4bda0c485ea65b1e125c1c00c0f054fc77515a700e1760d1afb21c0a496978eba', 6, 1, NULL, '[]', 0, '2019-06-25 10:41:08', '2019-06-25 10:41:08', '2020-06-25 10:41:08'),
('cfcf59e5cc741adf5bafbfa728a85ad26c3cfb9ee3ccaa76f4eb5c796fa9cb2978bc400ca4b74f41', 6, 1, NULL, '[]', 0, '2019-06-25 10:42:02', '2019-06-25 10:42:02', '2020-06-25 10:42:02'),
('d116ea82521efb5df889d1778ee584a3131ab77218c3322a1a549f365e3b8f6a005c79ff74fefee2', 6, 1, NULL, '[]', 0, '2019-06-25 15:51:37', '2019-06-25 15:51:37', '2020-06-25 15:51:37'),
('d1ed7e5bba809eb36b12219be5473b47e232db0d82fc97c4c0d58caa630e7023c487bbe8f3da01d1', 6, 1, NULL, '[]', 0, '2019-06-25 15:29:14', '2019-06-25 15:29:14', '2020-06-25 15:29:14'),
('d47e6a1af0456c950012f93e118573d9bfd9280790f6ef92bbfde07bba5cd7a6f9f38da4bce8fb74', 7, 1, NULL, '[]', 0, '2019-06-24 11:45:17', '2019-06-24 11:45:17', '2020-06-24 11:45:17'),
('d573dc4f778a1658976dd8186ff7a96eda2423f26d55ebeea844520dca40fb1832d120c25ef8470f', 6, 1, NULL, '[]', 0, '2019-06-27 15:59:34', '2019-06-27 15:59:34', '2020-06-27 15:59:34'),
('d9a37a74aad0be9d98f1c2985f6229d36c3d595457782902d9065fce880365c066d5a8afa15d73f0', 7, 1, NULL, '[]', 0, '2019-06-24 13:30:32', '2019-06-24 13:30:32', '2020-06-24 13:30:32'),
('dcc8b7f002b4700d336826db5c674bec726d3e517b2f6eff6ed79243611b957cb7fbb42e54802866', 7, 1, NULL, '[]', 0, '2019-06-24 13:25:08', '2019-06-24 13:25:08', '2020-06-24 13:25:08'),
('e605a440e86a5068ddd3ad303481d680f0a6b6c768b98023063227c36ec0ae71f65922fbd653da02', 6, 1, NULL, '[]', 0, '2019-06-25 10:32:50', '2019-06-25 10:32:50', '2020-06-25 10:32:50'),
('e78dde44c1845359795ad9f8f3ba3830153cbf4140bbd8e4291b90a92d2d6c75064a8aecfb302072', 6, 1, NULL, '[]', 0, '2019-06-25 14:23:58', '2019-06-25 14:23:58', '2020-06-25 14:23:58'),
('ec82a18f14703fdfc34756de615fde760487136455b2999da1ed7af240b6e3e8be06cdfb5850e8e0', 5, 1, NULL, '[]', 0, '2019-06-24 15:31:49', '2019-06-24 15:31:49', '2020-06-24 15:31:49'),
('f30cdccdf8f3dbe82c1cba906f03f87511e75fc4137063972109188fed9d4fd411bda41e0fe67e44', 7, 1, NULL, '[]', 0, '2019-06-24 10:30:33', '2019-06-24 10:30:33', '2020-06-24 10:30:33'),
('fabd74d5ac9e5621cfd4eebabb72b431be53284de01cc7dd72869dc44e4ce1f447b0407368f89bd9', 6, 1, NULL, '[]', 0, '2019-06-25 15:44:06', '2019-06-25 15:44:06', '2020-06-25 15:44:06'),
('fade27c5f6d5ff179d3edbe74a91b6e62cb6901399f72095c9d276bc1002ea9d7919a3cccf497059', 6, 1, NULL, '[]', 0, '2019-06-25 14:30:30', '2019-06-25 14:30:30', '2020-06-25 14:30:30');

--
-- Dumping data for table `oauth_clients`
--

INSERT INTO `oauth_clients` (`id`, `user_id`, `name`, `secret`, `redirect`, `personal_access_client`, `password_client`, `revoked`, `created_at`, `updated_at`) VALUES
(1, NULL, 'elsbarcode', 'U2bk4UnF1UIFkS9akLLrusrBo5I3EGs4FI5nYoBH', 'http://localhost', 1, 0, 0, '2019-06-20 09:19:11', '2019-06-20 09:19:11');

--
-- Dumping data for table `oauth_personal_access_clients`
--

INSERT INTO `oauth_personal_access_clients` (`id`, `client_id`, `created_at`, `updated_at`) VALUES
(1, 1, '2019-06-20 09:19:11', '2019-06-20 09:19:11');

--
-- Dumping data for table `origins`
--

INSERT INTO `origins` (`id`, `parts_item_id`, `location_id_from`, `location_id_to`, `date_moved`, `employee_id`, `user_id`, `remarks`) VALUES
(48, 49, 8, NULL, '2019-06-27 04:50:41', NULL, 6, NULL),
(49, 50, 8, NULL, '2019-06-27 04:52:25', NULL, 6, NULL),
(50, 51, 8, NULL, '2019-06-27 04:53:41', NULL, 6, NULL),
(51, 52, NULL, NULL, '2019-06-27 04:57:33', NULL, 6, NULL),
(52, 53, 8, NULL, '2019-06-27 04:59:09', NULL, 6, NULL),
(54, 55, 8, NULL, '2019-06-27 05:02:34', NULL, 6, NULL),
(55, 56, NULL, NULL, '2019-06-27 05:06:10', NULL, 6, NULL),
(56, 57, 8, NULL, '2019-06-27 05:07:31', NULL, 6, NULL),
(57, 58, 8, NULL, '2019-06-27 05:08:04', NULL, 6, NULL),
(58, 59, 8, NULL, '2019-06-27 05:08:43', NULL, 6, NULL),
(59, 60, 8, NULL, '2019-06-27 05:10:04', NULL, 6, NULL),
(60, 61, 8, NULL, '2019-06-27 05:11:08', NULL, 6, NULL),
(61, 62, 8, NULL, '2019-06-27 05:11:56', NULL, 6, NULL),
(62, 63, 8, NULL, '2019-06-27 05:12:31', NULL, 6, NULL),
(63, 64, 8, NULL, '2019-06-27 05:13:10', NULL, 6, NULL),
(64, 65, 8, NULL, '2019-06-27 05:14:04', NULL, 6, NULL),
(66, 67, NULL, 6, '2019-06-27 05:28:51', NULL, 6, NULL),
(68, 69, NULL, 6, '2019-06-27 05:33:16', NULL, 6, NULL),
(69, 70, NULL, 6, '2019-06-27 05:35:10', NULL, 6, NULL),
(70, 71, 5, 6, '2019-06-29 12:07:30', NULL, 6, NULL),
(71, 72, 8, NULL, '2019-06-29 12:08:59', NULL, 6, NULL);

--
-- Dumping data for table `parts_infos`
--

INSERT INTO `parts_infos` (`id`, `code`, `description`, `specs`, `initial_stock`, `model`, `supplier_id`, `item_type`, `created_at`, `updated_at`) VALUES
(1, 'F1069FD2', 'Stackable Washer White', NULL, NULL, 'F1069FD2', 1, 'machine', '2019-06-21 22:58:14', '2019-06-21 22:58:14'),
(2, 'FH069FD2P', 'Stackable Washer Silver', NULL, NULL, 'FH069FD2P', 1, 'machine', '2019-06-21 22:58:46', '2019-06-21 22:58:46'),
(3, 'FH069FD2F', 'Stackable Washer Silver (New)', NULL, NULL, 'FH069FD2F', 1, 'machine', '2019-06-21 22:59:29', '2019-06-21 22:59:29'),
(4, 'FH0C7FD4', 'Titan (Old)', NULL, NULL, 'FH0C7FD4', 1, 'machine', '2019-06-21 22:59:57', '2019-06-21 22:59:57'),
(5, 'FH0C7FD7', 'Titan (New)', NULL, NULL, 'FH0C7FD7', 1, 'machine', '2019-06-21 23:00:24', '2019-06-21 23:00:24'),
(6, 'FH069FD3P', 'Single Washer', NULL, NULL, 'FH069FD3P', 1, 'machine', '2019-06-21 23:00:47', '2019-06-21 23:00:47'),
(7, 'RP1329A7', 'Stackable Dryer White', NULL, NULL, 'RP1329A7', 1, 'machine', '2019-06-21 23:01:21', '2019-06-21 23:01:21'),
(8, 'RP1329A7S', 'Stackable Dryer Silver (Old)', NULL, NULL, 'RP1329A7S', 1, 'machine', '2019-06-21 23:01:55', '2019-06-21 23:01:55'),
(9, 'RV1029A7', 'Electric', NULL, NULL, 'RV1029A7', 1, 'machine', '2019-06-21 23:02:49', '2019-06-21 23:02:49'),
(10, 'W4600H', 'Washer', NULL, NULL, 'W4600H', 2, 'machine', '2019-06-21 23:08:24', '2019-06-21 23:08:24'),
(11, 'PW9', 'Washer', NULL, NULL, 'PW9', 2, 'machine', '2019-06-21 23:08:55', '2019-06-21 23:08:55'),
(12, 'W5105S', 'Washer', NULL, NULL, 'W5105S', 2, 'machine', '2019-06-21 23:09:26', '2019-06-21 23:09:26'),
(13, 'W5180N', 'Washer', NULL, NULL, 'W5180N', 2, 'machine', '2019-06-21 23:10:09', '2019-06-21 23:10:09'),
(14, 'W5180HLAG', 'Washer', NULL, NULL, 'W5180HLAG', 2, 'machine', '2019-06-21 23:10:35', '2019-06-21 23:10:35'),
(15, 'W5330N', 'Washer', NULL, NULL, 'W5330N', 2, 'machine', '2019-06-21 23:11:00', '2019-06-21 23:11:00'),
(16, 'W5180S', 'Washer', NULL, NULL, 'W5180S', 2, 'machine', '2019-06-21 23:11:20', '2019-06-21 23:11:20'),
(17, 'W555HLAG', 'Washer', NULL, NULL, 'W555HLAG', 2, 'machine', '2019-06-21 23:11:44', '2019-06-21 23:11:44'),
(18, 'W555H', 'Washer', NULL, NULL, 'W555H', 2, 'machine', '2019-06-21 23:12:08', '2019-06-21 23:12:08'),
(19, 'FOM71ICLS', 'Washer', NULL, NULL, 'FOM71ICLS', 2, 'machine', '2019-06-21 23:12:27', '2019-06-21 23:12:27'),
(20, 'FLE125FC', 'Washer', NULL, NULL, 'FLE125FC', 2, 'machine', '2019-06-21 23:12:54', '2019-06-21 23:12:54'),
(21, 'W5130H', 'Washer', NULL, NULL, 'W5130H', 2, 'machine', '2019-06-21 23:13:31', '2019-06-21 23:13:31'),
(22, 'W5250N', 'Washer', NULL, NULL, 'W5250N', 2, 'machine', '2019-06-21 23:14:41', '2019-06-21 23:14:41'),
(23, 'W5240H', 'Washer', NULL, NULL, 'W5240H', 2, 'machine', '2019-06-21 23:15:05', '2019-06-21 23:15:05'),
(24, 'W5105N', 'Washer', NULL, NULL, 'W5105N', 2, 'machine', '2019-06-21 23:15:27', '2019-06-21 23:15:27'),
(25, 'W5180H', 'Washer', NULL, NULL, 'W5180H', 2, 'machine', '2019-06-21 23:15:52', '2019-06-21 23:15:52'),
(26, 'W5105H', 'Washer', NULL, NULL, 'W5105H', 2, 'machine', '2019-06-21 23:16:30', '2019-06-21 23:16:30'),
(27, 'WD420', 'Washer', NULL, NULL, 'WD420', 2, 'machine', '2019-06-21 23:16:51', '2019-06-21 23:16:51'),
(28, 'W5130N', 'Washer', NULL, NULL, 'W5130N', 2, 'machine', '2019-06-21 23:17:12', '2019-06-21 23:17:12'),
(29, 'W5300HLAG', 'Washer', NULL, NULL, 'W5300HLAG', 2, 'machine', '2019-06-21 23:17:35', '2019-06-21 23:17:35'),
(30, 'W5300H', 'Washer', NULL, NULL, 'W5300H', 2, 'machine', '2019-06-21 23:17:55', '2019-06-21 23:17:55'),
(31, 'T4900', 'Dryer', NULL, NULL, 'T4900', 2, 'machine', '2019-06-21 23:18:24', '2019-06-21 23:18:24'),
(32, 'T5550', 'Dryer', NULL, NULL, 'T5550', 2, 'machine', '2019-06-21 23:18:44', '2019-06-21 23:18:44'),
(33, 'T4190', 'Dryer', NULL, NULL, 'T4190', 2, 'machine', '2019-06-21 23:19:04', '2019-06-21 23:19:04'),
(34, 'T5350LAG', 'Dryer', NULL, NULL, 'T5350LAG', 2, 'machine', '2019-06-21 23:19:25', '2019-06-21 23:19:25'),
(35, '9873820055_', 'Dryer', NULL, NULL, 'T5350', 2, 'machine', '2019-06-21 23:19:47', '2019-06-21 23:19:47'),
(36, 'T5250', 'Dryer', NULL, NULL, 'T5250', 2, 'machine', '2019-06-21 23:20:11', '2019-06-21 23:20:11'),
(37, 'T5130LAG', 'Dryer', NULL, NULL, 'T5130LAG', 2, 'machine', '2019-06-21 23:20:33', '2019-06-21 23:20:33'),
(39, 'T5675', 'Dryer', NULL, NULL, 'T5675', 2, 'machine', '2019-06-21 23:21:16', '2019-06-21 23:21:16'),
(40, 'T5300S', 'Dryer', NULL, NULL, 'T5300S', 2, 'machine', '2019-06-21 23:21:39', '2019-06-21 23:21:39'),
(41, 'T5290', 'Dryer', NULL, NULL, 'T5290', 2, 'machine', '2019-06-21 23:22:00', '2019-06-21 23:22:00'),
(42, 'T5675LAG', 'Dryer', NULL, NULL, 'T5675LAG', 2, 'machine', '2019-06-21 23:22:23', '2019-06-21 23:22:23'),
(43, 'T41200G', 'Dryer', NULL, NULL, 'T41200G', 2, 'machine', '2019-06-21 23:22:44', '2019-06-21 23:22:44'),
(44, 'IB42316', 'Ironer', NULL, NULL, 'IB42316', 2, 'machine', '2019-06-21 23:23:03', '2019-06-21 23:24:04'),
(45, 'IC43320', 'Ironer', NULL, NULL, 'IC43320', 2, 'machine', '2019-06-21 23:23:45', '2019-06-21 23:23:45'),
(46, 'IC44832', 'Ironer', NULL, NULL, 'IC44832', 2, 'machine', '2019-06-21 23:24:37', '2019-06-21 23:24:37'),
(47, 'RN1870AH4', 'Titan Dryer', '220V/60Hz', NULL, NULL, 1, 'Dryer', '2019-06-24 13:35:50', '2019-06-24 15:51:26'),
(49, '9873020240', 'T5675-Tumble Dryer', '306 Kg, 230V, 60Hz, 3 Phase', NULL, 'T5675', 2, 'machine', '2019-06-24 16:21:34', '2019-06-26 14:07:12'),
(50, '9873020247', 'T5675-Tumble Dryer', '306 Kg, 230V, 60Hz, 1 Phase', NULL, 'T5675', 2, 'machine', '2019-06-24 16:54:13', '2019-06-26 13:18:19'),
(51, '9867720094', 'Washer Extractor', '168 Kg, 208-240V, 60Hz, 1 Phase', NULL, 'W5130N', 2, 'machine', '2019-06-24 17:12:50', '2019-06-24 17:12:50'),
(52, '9873820055', 'T5350-Tumble Dryer', '195 Kg, 208-240V, 60Hz, 1 Phase', NULL, 'T5350', 2, 'machine', '2019-06-24 17:17:08', '2019-06-26 14:08:37'),
(55, 'EBR75370601', 'PCB Assembly Display', 'Giant C (D) 220V 60Hz', NULL, NULL, 1, 'spare-part', '2019-06-25 15:18:46', '2019-06-27 13:38:24'),
(56, '9872220205', 'T5290-Tumble Dryer', '206 Kg, 230V, 60Hz, 1 Phase', NULL, 'T5290', 2, 'machine', '2019-06-26 12:31:24', '2019-06-26 13:08:08'),
(57, '9873920079', 'T5300S-Tumble Dryer', '309 Kg, 208-240V, 60Hz, 1 Phase', NULL, 'T5300S', 2, 'machine', '2019-06-26 12:36:45', '2019-06-26 13:02:28'),
(58, '9868120050', 'W5330N-Washer Extractor', '324 Kg, 208-240V, 60Hz, 1 Phase\r\n(Reserved for EMS-Cebu)', NULL, 'W5330N', 2, 'machine', '2019-06-26 13:28:50', '2019-06-26 13:30:49'),
(59, '9875110029', 'T41200-Dryer', '560 Kg, 230V, 60Hz, 3 Phase', NULL, 'T41200', 2, 'machine', '2019-06-26 14:40:11', '2019-06-26 14:40:11'),
(746, 'AFN76014067', 'Manual Assembly,Owners', NULL, 1, NULL, 1, 'spare-part', NULL, NULL),
(747, 'ABJ30921782', 'Cabinet Assembly', NULL, 1, NULL, 1, 'spare-part', NULL, NULL),
(748, '3550ER1028A', 'Cover,Rear', NULL, 1, NULL, 1, 'spare-part', NULL, NULL),
(749, '4830ER3001A', 'Bush', NULL, 1, NULL, 1, 'spare-part', NULL, NULL),
(750, '4930ER3014A', 'Holder', NULL, 1, NULL, 1, 'spare-part', NULL, NULL),
(751, 'FAA31690704', 'Bolt Assembly', NULL, 1, NULL, 1, 'spare-part', NULL, NULL),
(752, 'FAA31690703', 'Bolt Assembly', NULL, 1, NULL, 1, 'spare-part', NULL, NULL),
(753, 'FAA31690705', 'Bolt Assembly', NULL, 1, NULL, 1, 'spare-part', NULL, NULL),
(754, '4810ER3024A', 'Bracket,Hinge', NULL, 1, NULL, 1, 'spare-part', NULL, NULL),
(755, 'AGU30071271', 'Plate Assembly,Top', NULL, 1, NULL, 1, 'spare-part', NULL, NULL),
(756, '3550ER0045E', 'Cover,Cabinet', NULL, 1, NULL, 1, 'spare-part', NULL, NULL),
(757, 'AEJ33026601', 'Holder Assembly', NULL, 1, NULL, 1, 'spare-part', NULL, NULL),
(758, '2W20017E', 'Clamp Assembly', NULL, 1, NULL, 1, 'spare-part', NULL, NULL),
(759, '4775ER2002E', 'Hinge Assembly', NULL, 1, NULL, 1, 'spare-part', NULL, NULL),
(760, 'AEJ33026401', 'Holder Assembly', NULL, 1, NULL, 1, 'spare-part', NULL, NULL),
(761, 'ADC73648401', 'Door Assembly', NULL, 1, NULL, 1, 'spare-part', NULL, NULL),
(762, '3212ER0005E', 'Frame,Door(Outer)', NULL, 1, NULL, 1, 'spare-part', NULL, NULL),
(763, '3212ER1016A', 'Frame,Door(Inner)', NULL, 1, NULL, 1, 'spare-part', NULL, NULL),
(764, '3650ER2004A', 'Handle', NULL, 1, NULL, 1, 'spare-part', NULL, NULL),
(765, 'MFG62579001', 'Locker,Hook', NULL, 1, NULL, 1, 'spare-part', NULL, NULL),
(766, '3650FA3489A', 'Handle', NULL, 1, NULL, 1, 'spare-part', NULL, NULL),
(767, 'AGM73610701', 'Parts Assembly', NULL, 1, NULL, 1, 'spare-part', NULL, NULL),
(768, '3041ER0001C', 'Base Assembly,Cabinet', NULL, 1, NULL, 1, 'spare-part', NULL, NULL),
(769, '4810ER3006A', 'Bracket,Base', NULL, 1, NULL, 1, 'spare-part', NULL, NULL),
(770, 'AFC72755401', 'Leg Assembly', NULL, 1, NULL, 1, 'spare-part', NULL, NULL),
(771, '5214FA1609Z', 'Hose Assembly,One Touch', NULL, 1, NULL, 1, 'spare-part', NULL, NULL),
(772, '3110ER2016A', 'Case', NULL, 1, NULL, 1, 'spare-part', NULL, NULL),
(773, '5006ER3009A', 'Cap,Drain Hose', NULL, 1, NULL, 1, 'spare-part', NULL, NULL),
(774, '5006ER2012G', 'Cap,Cover', NULL, 1, NULL, 1, 'spare-part', NULL, NULL),
(775, '3211ER1001S', 'Frame Assembly', NULL, 1, NULL, 1, 'spare-part', NULL, NULL),
(776, '6601ER1006G', 'Switch Assembly,Pressure', NULL, 1, NULL, 1, 'spare-part', NULL, NULL),
(777, 'EAD63567501', 'Power Cord Assembly', NULL, 1, NULL, 1, 'spare-part', NULL, NULL),
(778, 'EBF61315801', 'Switch Assembly,Locker', NULL, 1, NULL, 1, 'spare-part', NULL, NULL),
(779, 'EBR81121316', 'PCB Assembly,Main', NULL, 1, NULL, 1, 'spare-part', NULL, NULL),
(780, '3550ER1032A', 'Cover,Protect', NULL, 1, NULL, 1, 'spare-part', NULL, NULL),
(781, 'EBR81083402', 'PCB Assembly,Sub', NULL, 1, NULL, 1, 'spare-part', NULL, NULL),
(782, 'EAM62492312', 'Filter Assembly', NULL, 1, NULL, 1, 'spare-part', NULL, NULL),
(783, 'EBR83442805', 'PCB Assembly,Display', NULL, 1, NULL, 1, 'spare-part', NULL, NULL),
(784, 'EAD64005803', 'Harness,Multi', NULL, 1, NULL, 1, 'spare-part', NULL, NULL),
(785, '6877ER3003X', 'Harness,Single', NULL, 1, NULL, 1, 'spare-part', NULL, NULL),
(786, '6877ER3003V', 'Harness,Single', NULL, 1, NULL, 1, 'spare-part', NULL, NULL),
(787, '6850EC2007H', 'Harness,Multi', NULL, 1, NULL, 1, 'spare-part', NULL, NULL),
(788, '6877ER1016N', 'Harness,Multi', NULL, 1, NULL, 1, 'spare-part', NULL, NULL),
(789, '6877ER3003A', 'Harness,Single', NULL, 1, NULL, 1, 'spare-part', NULL, NULL),
(790, '5220FR2009E', 'Valve Assembly,Inlet', NULL, 1, NULL, 1, 'spare-part', NULL, NULL),
(791, '5220FR2006A', 'Valve Assembly,Inlet', NULL, 1, NULL, 1, 'spare-part', NULL, NULL),
(792, 'AGL75092883', 'Panel Assembly,Control', NULL, 1, NULL, 1, 'spare-part', NULL, NULL),
(793, 'MBG62329501', 'Button,Control', NULL, 1, NULL, 1, 'spare-part', NULL, NULL),
(794, 'AGL73137008', 'Panel Assembly,Drawer', NULL, 1, NULL, 1, 'spare-part', NULL, NULL),
(795, 'MBL62620901', 'Cap,Siphone', NULL, 1, NULL, 1, 'spare-part', NULL, NULL),
(796, '4925ER1021B', 'Dispenser Assembly', NULL, 1, NULL, 1, 'spare-part', NULL, NULL),
(797, '4738ER1004A', 'Bellows', NULL, 1, NULL, 1, 'spare-part', NULL, NULL),
(798, '4738ER2002A', 'Bellows', NULL, 1, NULL, 1, 'spare-part', NULL, NULL),
(799, '5214ER4003Z', 'Hose,Inlet', NULL, 1, NULL, 1, 'spare-part', NULL, NULL),
(800, '5214ER4001B', 'Hose,Inlet', NULL, 1, NULL, 1, 'spare-part', NULL, NULL),
(801, '5214ER4001R', 'Hose,Inlet', NULL, 1, NULL, 1, 'spare-part', NULL, NULL),
(802, '4932ER4008B', 'Connector,Hose', NULL, 1, NULL, 1, 'spare-part', NULL, NULL),
(803, '5214ER4003F', 'Hose,Inlet', NULL, 1, NULL, 1, 'spare-part', NULL, NULL),
(804, 'MEJ62484601', 'Hose,Connector', NULL, 1, NULL, 1, 'spare-part', NULL, NULL),
(805, 'MEJ62484602', 'Hose,Connector', NULL, 1, NULL, 1, 'spare-part', NULL, NULL),
(806, '5215ER2002G', 'Hose Assembly,Drain', NULL, 1, NULL, 1, 'spare-part', NULL, NULL),
(807, '4861FR3068C', 'Clamp', NULL, 1, NULL, 1, 'spare-part', NULL, NULL),
(808, '4861FR3068E', 'Clamp', NULL, 1, NULL, 1, 'spare-part', NULL, NULL),
(809, '4861FR3068A', 'Clamp', NULL, 1, NULL, 1, 'spare-part', NULL, NULL),
(810, '4860FR3092D', 'Clamp', NULL, 1, NULL, 1, 'spare-part', NULL, NULL),
(811, '4860FR3092C', 'Clamp', NULL, 1, NULL, 1, 'spare-part', NULL, NULL),
(812, '4860FR3092K', 'Clamp', NULL, 1, NULL, 1, 'spare-part', NULL, NULL),
(813, 'AJQ73413811', 'Tub Assembly,Outer', NULL, 1, NULL, 1, 'spare-part', NULL, NULL),
(814, '3045ER1017L', 'Tub Assembly,Drum(Inner)', NULL, 1, NULL, 1, 'spare-part', NULL, NULL),
(815, 'AFH72909001', 'Lifter Assembly', NULL, 1, NULL, 1, 'spare-part', NULL, NULL),
(816, '4434ER0002J', 'Spider', NULL, 1, NULL, 1, 'spare-part', NULL, NULL),
(817, '4011FA4353E', 'Bolt,Common', NULL, 1, NULL, 1, 'spare-part', NULL, NULL),
(818, 'MAP61913708', 'Bearing,Ball', NULL, 1, NULL, 1, 'spare-part', NULL, NULL),
(819, 'MAP61913707', 'Bearing,Ball', NULL, 1, NULL, 1, 'spare-part', NULL, NULL),
(820, 'MAP61913727', 'Bearing,Ball', NULL, 1, NULL, 1, 'spare-part', NULL, NULL),
(821, '4040FR4051C', 'Bolt Assembly', NULL, 1, NULL, 1, 'spare-part', NULL, NULL),
(822, '4036ER2004A', 'Gasket (Oil Seal)', NULL, 1, NULL, 1, 'spare-part', NULL, NULL),
(823, '4866ER0007A', 'Balance Weight', NULL, 1, NULL, 1, 'spare-part', NULL, NULL),
(824, '1SZZER4002A', 'Screw,Customized', NULL, 1, NULL, 1, 'spare-part', NULL, NULL),
(825, '4866ER0004A', 'Balance Weight', NULL, 1, NULL, 1, 'spare-part', NULL, NULL),
(826, '3550ER0004H', 'Cover,Tub', NULL, 1, NULL, 1, 'spare-part', NULL, NULL),
(827, '4036ER4001B', 'Gasket', NULL, 1, NULL, 1, 'spare-part', NULL, NULL),
(828, '383EER3001W', 'Parts Assembly', NULL, 1, NULL, 1, 'spare-part', NULL, NULL),
(829, '4011FA4353B', 'Bolt,Common', NULL, 1, NULL, 1, 'spare-part', NULL, NULL),
(830, '4769ER4001B', 'Float Assembly', NULL, 1, NULL, 1, 'spare-part', NULL, NULL),
(831, 'AEG33121502', 'Heater Assembly', NULL, 1, NULL, 1, 'spare-part', NULL, NULL),
(832, 'AEG73309903', 'Heater Assembly', NULL, 1, NULL, 1, 'spare-part', NULL, NULL),
(833, 'EAU61805801', 'Motor Assembly,AC,Pump', NULL, 1, NULL, 1, 'spare-part', NULL, NULL),
(834, '5214FR4006G', 'Hose,Connector', NULL, 1, NULL, 1, 'spare-part', NULL, NULL),
(835, '3108ER1001E', 'Casing,Pump', NULL, 1, NULL, 1, 'spare-part', NULL, NULL),
(836, '383EER2001A', 'Parts Assembly', NULL, 1, NULL, 1, 'spare-part', NULL, NULL),
(837, 'AJB73816004', 'Stator Assembly', NULL, 1, NULL, 1, 'spare-part', NULL, NULL),
(838, 'AHL72914402', 'Rotor Assembly', NULL, 1, NULL, 1, 'spare-part', NULL, NULL),
(839, 'MBF62845101', 'Bush,Rotor', NULL, 1, NULL, 1, 'spare-part', NULL, NULL),
(840, '4970FR2084P', 'Spring,Hinge', NULL, 1, NULL, 1, 'spare-part', NULL, NULL),
(841, '4930FR3040A', 'Holder', NULL, 1, NULL, 1, 'spare-part', NULL, NULL),
(842, '4986ER0004P', 'Gasket', NULL, 1, NULL, 1, 'spare-part', NULL, NULL),
(843, 'MCD62387102', 'Connector,Nozzle', NULL, 1, NULL, 1, 'spare-part', NULL, NULL),
(844, '4974ER3008A', 'Guide,Water', NULL, 1, NULL, 1, 'spare-part', NULL, NULL),
(845, '4738ER1002A', 'Bellows', NULL, 1, NULL, 1, 'spare-part', NULL, NULL),
(846, '4861ER2001D', 'Clamp Assembly', NULL, 1, NULL, 1, 'spare-part', NULL, NULL),
(847, '4861ER2001F', 'Clamp Assembly', NULL, 1, NULL, 1, 'spare-part', NULL, NULL),
(848, '3504ER3002A', 'Chamber,Air', NULL, 1, NULL, 1, 'spare-part', NULL, NULL),
(849, 'AFN75797205', 'Manual Assembly,Owners', NULL, 1, NULL, 1, 'spare-part', NULL, NULL),
(850, 'MAY64311102', 'Box,Carton', NULL, 1, NULL, 1, 'spare-part', NULL, NULL),
(851, 'MFL62119958', 'Manual,Service', NULL, 1, NULL, 1, 'spare-part', NULL, NULL),
(852, 'AGL73158251', 'Panel Assembly,Control', NULL, 1, NULL, 1, 'spare-part', NULL, NULL),
(853, 'MCK63735302', 'Cover,Lower', NULL, 1, NULL, 1, 'spare-part', NULL, NULL),
(854, 'MBG62329502', 'Button,Control', NULL, 1, NULL, 1, 'spare-part', NULL, NULL),
(855, 'EBR75370602', 'PCB Assembly,Display', NULL, 1, NULL, 1, 'spare-part', NULL, NULL),
(856, 'EBR73527809', 'PCB Assembly,Main', NULL, 1, NULL, 1, 'spare-part', NULL, NULL),
(857, 'AGU30071248', 'Plate Assembly,Top', NULL, 1, NULL, 1, 'spare-part', NULL, NULL),
(858, '4930EL1005A', 'Holder', NULL, 1, NULL, 1, 'spare-part', NULL, NULL),
(859, 'MAZ47156202', 'Bracket,Hinge', NULL, 1, NULL, 1, 'spare-part', NULL, NULL),
(860, 'MAZ47156203', 'Bracket,Hinge', NULL, 1, NULL, 1, 'spare-part', NULL, NULL),
(861, '1APF0402608', 'Screw,Taptite', NULL, 1, NULL, 1, 'spare-part', NULL, NULL),
(862, '3551EL0011A', 'Cover Assembly,Cabinet', NULL, 1, NULL, 1, 'spare-part', NULL, NULL),
(863, '4027EL1001A', 'Locker Assembly', NULL, 1, NULL, 1, 'spare-part', NULL, NULL),
(864, '1MTC0402632', 'Screw,Machine', NULL, 1, NULL, 1, 'spare-part', NULL, NULL),
(865, '6601EL3001A', 'Switch Assembly,Safety', NULL, 1, NULL, 1, 'spare-part', NULL, NULL),
(866, 'ADV30755804', 'Frame Assembly', NULL, 1, NULL, 1, 'spare-part', NULL, NULL),
(867, 'ADV30755203', 'Frame Assembly', NULL, 1, NULL, 1, 'spare-part', NULL, NULL),
(868, '3581EL0002W', 'Door Assembly', NULL, 1, NULL, 1, 'spare-part', NULL, NULL),
(869, '4026EL3007A', 'Locker,Hook', NULL, 1, NULL, 1, 'spare-part', NULL, NULL),
(870, '3212EL1010D', 'Frame,Door(Outer)', NULL, 1, NULL, 1, 'spare-part', NULL, NULL),
(871, '4774EL2001A', 'Hinge', NULL, 1, NULL, 1, 'spare-part', NULL, NULL),
(872, '3212EL1005A', 'Frame,Door(Inner)', NULL, 1, NULL, 1, 'spare-part', NULL, NULL),
(873, '4986EL2004A', 'Gasket', NULL, 1, NULL, 1, 'spare-part', NULL, NULL),
(874, 'ABJ34559258', 'Cabinet Assembly', NULL, 1, NULL, 1, 'spare-part', NULL, NULL),
(875, '5006EL3001D', 'Cap,Drier', NULL, 1, NULL, 1, 'spare-part', NULL, NULL),
(876, '4810EL3001B', 'Bracket,Base', NULL, 1, NULL, 1, 'spare-part', NULL, NULL),
(877, '4810EL3009E', 'Bracket,Base', NULL, 1, NULL, 1, 'spare-part', NULL, NULL),
(878, '4810EL3009F', 'Bracket,Base', NULL, 1, NULL, 1, 'spare-part', NULL, NULL),
(879, '4778EL3001B', 'Leg', NULL, 1, NULL, 1, 'spare-part', NULL, NULL),
(880, '6411ER1001T', 'Power Cord Assembly', NULL, 1, NULL, 1, 'spare-part', NULL, NULL),
(881, 'EAD61246506', 'Harness,Multi', NULL, 1, NULL, 1, 'spare-part', NULL, NULL),
(882, 'EAD61246602', 'Cable,Assembly', NULL, 1, NULL, 1, 'spare-part', NULL, NULL),
(883, '383EEL9001B', 'Parts Assembly', NULL, 1, NULL, 1, 'spare-part', NULL, NULL),
(884, 'AGF30609820', 'Package Assembly', NULL, 1, NULL, 1, 'spare-part', NULL, NULL),
(885, '5209EL1001E', 'Duct Assembly', NULL, 1, NULL, 1, 'spare-part', NULL, NULL),
(886, '3045EL1002P', 'Tub Assembly,Drum', NULL, 1, NULL, 1, 'spare-part', NULL, NULL),
(887, '4432EL1002A', 'Lifter', NULL, 1, NULL, 1, 'spare-part', NULL, NULL),
(888, '4400EL2001F', 'Belt,Poly V', NULL, 1, NULL, 1, 'spare-part', NULL, NULL),
(889, '4036EL3001A', 'Gasket', NULL, 1, NULL, 1, 'spare-part', NULL, NULL),
(890, 'AJQ73594002', 'Tub Assembly,Drum', NULL, 1, NULL, 1, 'spare-part', NULL, NULL),
(891, '3550EL2001A', 'Cover,Lamp', NULL, 1, NULL, 1, 'spare-part', NULL, NULL),
(892, '5209EL1002B', 'Duct Assembly', NULL, 1, NULL, 1, 'spare-part', NULL, NULL),
(893, '4581EL2002C', 'Roller Assembly', NULL, 1, NULL, 1, 'spare-part', NULL, NULL),
(894, '4581EL3001E', 'Roller Assembly', NULL, 1, NULL, 1, 'spare-part', NULL, NULL),
(895, '5231EL1002B', 'Filter Assembly,Lint', NULL, 1, NULL, 1, 'spare-part', NULL, NULL),
(896, '3550EL1006B', 'Cover,Guide', NULL, 1, NULL, 1, 'spare-part', NULL, NULL),
(897, '4974EL1003D', 'Guide,Filter', NULL, 1, NULL, 1, 'spare-part', NULL, NULL),
(898, '3550EL2004B', 'Cover,Filter', NULL, 1, NULL, 1, 'spare-part', NULL, NULL),
(899, '4970EL4002C', 'Spring,Distortion', NULL, 1, NULL, 1, 'spare-part', NULL, NULL),
(900, '6500EL3001A', 'Sensor,Humidity', NULL, 1, NULL, 1, 'spare-part', NULL, NULL),
(901, '6631EL3003B', 'Single Harness', NULL, 1, NULL, 1, 'spare-part', NULL, NULL),
(902, '4930EL2004D', 'Holder', NULL, 1, NULL, 1, 'spare-part', NULL, NULL),
(903, '3044EL0002C', 'Tub,Drum(Rear)', NULL, 1, NULL, 1, 'spare-part', NULL, NULL),
(904, '5835EL1002A', 'Casing Assembly', NULL, 1, NULL, 1, 'spare-part', NULL, NULL),
(905, '383EEL9001G', 'Parts Assembly', NULL, 1, NULL, 1, 'spare-part', NULL, NULL),
(906, 'MEK37661701', 'Housing,Blower', NULL, 1, NULL, 1, 'spare-part', NULL, NULL),
(907, '5209EL1006A', 'Duct Assembly', NULL, 1, NULL, 1, 'spare-part', NULL, NULL),
(908, '4975EL3001A', 'Guide Assembly', NULL, 1, NULL, 1, 'spare-part', NULL, NULL),
(909, '6323EL2001B', 'Thermistor,NTC', NULL, 1, NULL, 1, 'spare-part', NULL, NULL),
(910, '6931EL3002M', 'Thermostat', NULL, 1, NULL, 1, 'spare-part', NULL, NULL),
(911, '4810EL1002A', 'Bracket,Motor', NULL, 1, NULL, 1, 'spare-part', NULL, NULL),
(912, '4681EL1008D', 'Motor Assembly,DC,Drum', NULL, 1, NULL, 1, 'spare-part', NULL, NULL),
(913, '4860EL3001A', 'Clamp', NULL, 1, NULL, 1, 'spare-part', NULL, NULL),
(914, 'EBF61734701', 'Switch,Micro', NULL, 1, NULL, 1, 'spare-part', NULL, NULL),
(915, '4561EL3002A', 'Pulley Assembly,Motor', NULL, 1, NULL, 1, 'spare-part', NULL, NULL),
(916, '4560EL3001A', 'Pulley,Idle', NULL, 1, NULL, 1, 'spare-part', NULL, NULL),
(917, '1SZZEL3001A', 'Screw,Customized', NULL, 1, NULL, 1, 'spare-part', NULL, NULL),
(918, '1TPL0303218', 'Screw,Tapping', NULL, 1, NULL, 1, 'spare-part', NULL, NULL),
(919, '5221EL2002A', 'Valve Assembly,Gas', NULL, 1, NULL, 1, 'spare-part', NULL, NULL),
(920, '4974EL1001A', 'Guide,Burner', NULL, 1, NULL, 1, 'spare-part', NULL, NULL),
(921, '4810EL3002A', 'Bracket,Base', NULL, 1, NULL, 1, 'spare-part', NULL, NULL),
(922, '5201EL3001A', 'Pipe Assembly', NULL, 1, NULL, 1, 'spare-part', NULL, NULL),
(923, '5318EL3001A', 'Igniter', NULL, 1, NULL, 1, 'spare-part', NULL, NULL),
(924, '4948EL4002C', 'Orifice', NULL, 1, NULL, 1, 'spare-part', NULL, NULL),
(925, '4932EL4001A', 'Connector,Pipe', NULL, 1, NULL, 1, 'spare-part', NULL, NULL),
(926, '4036EL3002A', 'Gasket', NULL, 1, NULL, 1, 'spare-part', NULL, NULL),
(927, '5201EL2001B', 'Pipe Assembly', NULL, 1, NULL, 1, 'spare-part', NULL, NULL),
(928, '3016EL1001A', 'Funnel', NULL, 1, NULL, 1, 'spare-part', NULL, NULL),
(929, '6931EL3004B', 'Thermostat Assembly', NULL, 1, NULL, 1, 'spare-part', NULL, NULL),
(930, '6931EL3003C', 'Thermostat', NULL, 1, NULL, 1, 'spare-part', NULL, NULL),
(931, '6501EL3001A', 'Sensor Assembly', NULL, 1, NULL, 1, 'spare-part', NULL, NULL),
(932, '4980EL3001A', 'Supporter,Holder', NULL, 1, NULL, 1, 'spare-part', NULL, NULL),
(933, '6170EL2001A', 'Transformer,Linear', NULL, 1, NULL, 1, 'spare-part', NULL, NULL),
(934, 'AFN75797232', 'Manual Assembly,Owners', NULL, 1, NULL, 1, 'spare-part', NULL, NULL),
(935, 'AGL75092830', 'Panel Assembly,Control', NULL, 1, NULL, 1, 'spare-part', NULL, NULL),
(936, 'MCK63735303', 'Cover,Lower', NULL, 1, NULL, 1, 'spare-part', NULL, NULL),
(937, 'AGU30071269', 'Plate Assembly,Top', NULL, 1, NULL, 1, 'spare-part', NULL, NULL),
(938, '3551EL0011M', 'Cover Assembly,Cabinet', NULL, 1, NULL, 1, 'spare-part', NULL, NULL),
(939, 'ABJ34559290', 'Cabinet Assembly', NULL, 1, NULL, 1, 'spare-part', NULL, NULL),
(940, 'AGF30609833', 'Package Assembly', NULL, 1, NULL, 1, 'spare-part', NULL, NULL),
(941, '4400EL2001A', 'Belt,Poly V', NULL, 1, NULL, 1, 'spare-part', NULL, NULL),
(942, '1FTF0503507', 'Screw,Taptite', NULL, 1, NULL, 1, 'spare-part', NULL, NULL),
(943, '4W50100F', 'Washer,Customized', NULL, 1, NULL, 1, 'spare-part', NULL, NULL),
(944, '5231EL1003B', 'Filter Assembly,Lint', NULL, 1, NULL, 1, 'spare-part', NULL, NULL),
(945, '3550EL1006D', 'Cover,Guide', NULL, 1, NULL, 1, 'spare-part', NULL, NULL),
(946, '1NZZEL4002B', 'Nut,Common', NULL, 1, NULL, 1, 'spare-part', NULL, NULL),
(947, 'AFN73511970', 'Manual Assembly,Owners', NULL, 1, NULL, 1, 'spare-part', NULL, NULL),
(948, '3W20018B', 'Spanner', NULL, 1, NULL, 1, 'spare-part', NULL, NULL),
(949, 'MFL67307948', 'Manual,Service', NULL, 1, NULL, 1, 'spare-part', NULL, NULL),
(950, '3550EL1004D', 'Cover,Front', NULL, 1, NULL, 1, 'spare-part', NULL, NULL),
(951, 'ABJ30921710', 'Cabinet Assembly', NULL, 1, NULL, 1, 'spare-part', NULL, NULL),
(952, '4011FR3159E', 'Bolt Assembly', NULL, 1, NULL, 1, 'spare-part', NULL, NULL),
(953, '4011FR3159D', 'Bolt Assembly', NULL, 1, NULL, 1, 'spare-part', NULL, NULL),
(954, '4011FR3159J', 'Bolt Assembly', NULL, 1, NULL, 1, 'spare-part', NULL, NULL),
(955, 'AGU30071264', 'Plate Assembly,Top', NULL, 1, NULL, 1, 'spare-part', NULL, NULL),
(956, '3550ER0045A', 'Cover,Cabinet', NULL, 1, NULL, 1, 'spare-part', NULL, NULL),
(957, '4775ER2002A', 'Hinge Assembly', NULL, 1, NULL, 1, 'spare-part', NULL, NULL),
(958, '3650FA3488M', 'Handle', NULL, 1, NULL, 1, 'spare-part', NULL, NULL),
(959, 'AEM73533102', 'Hose Assembly,One Touch', NULL, 1, NULL, 1, 'spare-part', NULL, NULL),
(960, '5006ER2012F', 'Cap,Cover', NULL, 1, NULL, 1, 'spare-part', NULL, NULL),
(961, '6411ER1005T', 'Power Cord Assembly', NULL, 1, NULL, 1, 'spare-part', NULL, NULL),
(962, 'EBR73527704', 'PCB Assembly,Main', NULL, 1, NULL, 1, 'spare-part', NULL, NULL),
(963, '6201EC1006T', 'Filter Assembly', NULL, 1, NULL, 1, 'spare-part', NULL, NULL),
(964, 'EBR64458108', 'PCB Assembly,Display', NULL, 1, NULL, 1, 'spare-part', NULL, NULL),
(965, '6877ER1047H', 'Harness,Multi', NULL, 1, NULL, 1, 'spare-part', NULL, NULL),
(966, '6850EC2007E', 'Harness,Multi', NULL, 1, NULL, 1, 'spare-part', NULL, NULL),
(967, '6877ER1016F', 'Harness,Multi', NULL, 1, NULL, 1, 'spare-part', NULL, NULL),
(968, '6877ER1016L', 'Harness,Multi', NULL, 1, NULL, 1, 'spare-part', NULL, NULL),
(969, '6877ER3003F', 'Harness,Single', NULL, 1, NULL, 1, 'spare-part', NULL, NULL),
(970, '5220FR2075E', 'Valve Assembly,Inlet', NULL, 1, NULL, 1, 'spare-part', NULL, NULL),
(971, 'AGL73158259', 'Panel Assembly,Control', NULL, 1, NULL, 1, 'spare-part', NULL, NULL),
(972, 'MEA61973301', 'Guide,Cover', NULL, 1, NULL, 1, 'spare-part', NULL, NULL),
(973, 'AGL73137002', 'Panel Assembly,Drawer', NULL, 1, NULL, 1, 'spare-part', NULL, NULL),
(974, '4925ER1021A', 'Dispenser Assembly', NULL, 1, NULL, 1, 'spare-part', NULL, NULL),
(975, '4738ER1004B', 'Bellows', NULL, 1, NULL, 1, 'spare-part', NULL, NULL),
(976, '5214ER4001H', 'Hose,Inlet', NULL, 1, NULL, 1, 'spare-part', NULL, NULL),
(977, '5214FR4125T', 'Hose,Inlet', NULL, 1, NULL, 1, 'spare-part', NULL, NULL),
(978, '5214ER4001A', 'Hose,Inlet', NULL, 1, NULL, 1, 'spare-part', NULL, NULL),
(979, '3W50712A', 'Hanger Assembly,Pivot', NULL, 1, NULL, 1, 'spare-part', NULL, NULL),
(980, '4860FR3092H', 'Clamp', NULL, 1, NULL, 1, 'spare-part', NULL, NULL),
(981, '4861FR3068M', 'Clamp', NULL, 1, NULL, 1, 'spare-part', NULL, NULL),
(982, '3045ER0048B', 'Tub Assembly,Outer', NULL, 1, NULL, 1, 'spare-part', NULL, NULL),
(983, '4434ER0002D', 'Spider', NULL, 1, NULL, 1, 'spare-part', NULL, NULL),
(984, '4280EN4001C', 'Bearing,Ball', NULL, 1, NULL, 1, 'spare-part', NULL, NULL),
(985, '4280EN4001D', 'Bearing,Ball', NULL, 1, NULL, 1, 'spare-part', NULL, NULL),
(986, '3550ER0004B', 'Cover,Tub', NULL, 1, NULL, 1, 'spare-part', NULL, NULL),
(987, '6322FR2046C', 'Thermistor,NTC', NULL, 1, NULL, 1, 'spare-part', NULL, NULL),
(988, '4036FR4050A', 'Gasket', NULL, 1, NULL, 1, 'spare-part', NULL, NULL),
(989, 'EAU61383501', 'Motor Assembly,AC,Pump', NULL, 1, NULL, 1, 'spare-part', NULL, NULL),
(990, '3108ER1001B', 'Casing,Pump', NULL, 1, NULL, 1, 'spare-part', NULL, NULL),
(991, '4417EA1002K', 'Stator Assembly', NULL, 1, NULL, 1, 'spare-part', NULL, NULL),
(992, '6501KW2002A', 'Sensor Assembly', NULL, 1, NULL, 1, 'spare-part', NULL, NULL),
(993, '4413ER1003B', 'Rotor Assembly', NULL, 1, NULL, 1, 'spare-part', NULL, NULL),
(994, '4986ER0004F', 'Gasket', NULL, 1, NULL, 1, 'spare-part', NULL, NULL),
(995, '5214FR4125N', 'Hose,Inlet', NULL, 1, NULL, 1, 'spare-part', NULL, NULL),
(996, '5214FR4058Y', 'Hose,Connector', NULL, 1, NULL, 1, 'spare-part', NULL, NULL),
(997, '4932ER4007B', 'Connector,Hose', NULL, 1, NULL, 1, 'spare-part', NULL, NULL),
(998, '383EER3001J', 'Parts Assembly', NULL, 1, NULL, 1, 'spare-part', NULL, NULL),
(999, '4774EN3002A', 'Hinge', NULL, 1, NULL, 1, 'spare-part', NULL, NULL),
(1000, 'AFN76014004', 'Manual Assembly,Owners', NULL, 1, NULL, 1, 'spare-part', NULL, NULL),
(1001, 'MAY65207701', 'Box,Carton', NULL, 1, NULL, 1, 'spare-part', NULL, NULL),
(1002, 'MFL67307983', 'Manual,Service', NULL, 1, NULL, 1, 'spare-part', NULL, NULL),
(1003, 'ABJ73607405', 'Cabinet Assembly', NULL, 1, NULL, 1, 'spare-part', NULL, NULL),
(1004, 'AGU73748204', 'Plate Assembly,Top', NULL, 1, NULL, 1, 'spare-part', NULL, NULL),
(1005, 'MCK67688001', 'Cover,Cabinet', NULL, 1, NULL, 1, 'spare-part', NULL, NULL),
(1006, 'ACA56078801', 'Clamp Assembly', NULL, 1, NULL, 1, 'spare-part', NULL, NULL),
(1007, 'AEH71610404', 'Hinge Assembly', NULL, 1, NULL, 1, 'spare-part', NULL, NULL),
(1008, 'ADC71605805', 'Door Assembly', NULL, 1, NULL, 1, 'spare-part', NULL, NULL),
(1009, 'MDQ58112601', 'Frame,Door(Outer)', NULL, 1, NULL, 1, 'spare-part', NULL, NULL),
(1010, 'MDQ58114101', 'Frame,Door(Inner)', NULL, 1, NULL, 1, 'spare-part', NULL, NULL),
(1011, 'MEB58113701', 'Handle', NULL, 1, NULL, 1, 'spare-part', NULL, NULL),
(1012, 'AGM73610702', 'Parts Assembly', NULL, 1, NULL, 1, 'spare-part', NULL, NULL),
(1013, 'AFG73189701', 'Lid Assembly', NULL, 1, NULL, 1, 'spare-part', NULL, NULL),
(1014, 'MBL65796901', 'Cap,Screw', NULL, 1, NULL, 1, 'spare-part', NULL, NULL),
(1015, 'AAN73931901', 'Base Assembly,Cabinet', NULL, 1, NULL, 1, 'spare-part', NULL, NULL),
(1016, '5215FD3715Q', 'Hose,Inlet', NULL, 1, NULL, 1, 'spare-part', NULL, NULL),
(1017, '5215FD3715U', 'Hose,Inlet', NULL, 1, NULL, 1, 'spare-part', NULL, NULL),
(1018, '5215FD3715R', 'Hose,Inlet', NULL, 1, NULL, 1, 'spare-part', NULL, NULL),
(1019, '5215FD3715V', 'Hose,Inlet', NULL, 1, NULL, 1, 'spare-part', NULL, NULL),
(1020, 'EBF62015301', 'Switch Assembly,Safety', NULL, 1, NULL, 1, 'spare-part', NULL, NULL),
(1021, 'EBR64458112', 'PCB Assembly,Display', NULL, 1, NULL, 1, 'spare-part', NULL, NULL),
(1022, '6877ER3003S', 'Harness,Single', NULL, 1, NULL, 1, 'spare-part', NULL, NULL),
(1023, 'ADV74166902', 'Frame Assembly', NULL, 1, NULL, 1, 'spare-part', NULL, NULL),
(1024, '6411ER1006V', 'Power Cord Assembly', NULL, 1, NULL, 1, 'spare-part', NULL, NULL),
(1025, 'EBF61315802', 'Switch Assembly,Locker', NULL, 1, NULL, 1, 'spare-part', NULL, NULL),
(1026, 'EBR77451901', 'PCB Assembly,Main', NULL, 1, NULL, 1, 'spare-part', NULL, NULL),
(1027, 'EAM62891001', 'Filter Assembly', NULL, 1, NULL, 1, 'spare-part', NULL, NULL),
(1028, '6877ER1047M', 'Harness,Multi', NULL, 1, NULL, 1, 'spare-part', NULL, NULL),
(1029, '6850EC2007J', 'Harness,Multi', NULL, 1, NULL, 1, 'spare-part', NULL, NULL),
(1030, '6877ER1016M', 'Harness,Multi', NULL, 1, NULL, 1, 'spare-part', NULL, NULL),
(1031, '6877ER3003R', 'Harness,Single', NULL, 1, NULL, 1, 'spare-part', NULL, NULL),
(1032, '5221ER1003A', 'Valve Assembly,Inlet', NULL, 1, NULL, 1, 'spare-part', NULL, NULL),
(1033, '5220FR2006H', 'Valve Assembly,Inlet', NULL, 1, NULL, 1, 'spare-part', NULL, NULL),
(1034, 'AGL74078510', 'Panel Assembly,Control', NULL, 1, NULL, 1, 'spare-part', NULL, NULL),
(1035, 'ACZ55907503', 'Dispenser Assembly', NULL, 1, NULL, 1, 'spare-part', NULL, NULL),
(1036, 'AAZ68565002', 'Box Assembly,Detergent', NULL, 1, NULL, 1, 'spare-part', NULL, NULL),
(1037, 'AJQ73314204', 'Tub Assembly,Outer', NULL, 1, NULL, 1, 'spare-part', NULL, NULL),
(1038, 'AJQ73314401', 'Tub Assembly,Drum(Inner)', NULL, 1, NULL, 1, 'spare-part', NULL, NULL),
(1039, 'MFE61881101', 'Lifter', NULL, 1, NULL, 1, 'spare-part', NULL, NULL),
(1040, 'MHW61901301', 'Spider', NULL, 1, NULL, 1, 'spare-part', NULL, NULL),
(1041, '4000FR4031C', 'Screw,Customized', NULL, 1, NULL, 1, 'spare-part', NULL, NULL),
(1042, '4280FR4048L', 'Bearing,Ball', NULL, 1, NULL, 1, 'spare-part', NULL, NULL),
(1043, '4280FR4048Y', 'Bearing,Ball', NULL, 1, NULL, 1, 'spare-part', NULL, NULL),
(1044, 'MDS62058301', 'Gasket', NULL, 1, NULL, 1, 'spare-part', NULL, NULL),
(1045, 'MAG62142901', 'Balance Weight', NULL, 1, NULL, 1, 'spare-part', NULL, NULL),
(1046, 'MAG62142801', 'Balance Weight', NULL, 1, NULL, 1, 'spare-part', NULL, NULL),
(1047, 'MCK66703601', 'Cover,Tub', NULL, 1, NULL, 1, 'spare-part', NULL, NULL),
(1048, '4036ER4001E', 'Gasket', NULL, 1, NULL, 1, 'spare-part', NULL, NULL),
(1049, '4769ER4001A', 'Float Assembly', NULL, 1, NULL, 1, 'spare-part', NULL, NULL),
(1050, 'AEG33121501', 'Heater Assembly', NULL, 1, NULL, 1, 'spare-part', NULL, NULL),
(1051, 'AEG33121528', 'Heater Assembly', NULL, 1, NULL, 1, 'spare-part', NULL, NULL),
(1052, '4417EA1002Z', 'Stator Assembly', NULL, 1, NULL, 1, 'spare-part', NULL, NULL),
(1053, 'MHY62805901', 'Spring,Hinge', NULL, 1, NULL, 1, 'spare-part', NULL, NULL),
(1054, 'MDS47123611', 'Gasket', NULL, 1, NULL, 1, 'spare-part', NULL, NULL),
(1055, 'MCD62387101', 'Connector,Nozzle', NULL, 1, NULL, 1, 'spare-part', NULL, NULL),
(1056, 'MAR62181901', 'Bellows', NULL, 1, NULL, 1, 'spare-part', NULL, NULL),
(1057, '4861ER2001J', 'Clamp Assembly', NULL, 1, NULL, 1, 'spare-part', NULL, NULL),
(1058, 'MEJ62305103', 'Hose,Inlet', NULL, 1, NULL, 1, 'spare-part', NULL, NULL),
(1059, '4774FR3118B', 'Hinge', NULL, 1, NULL, 1, 'spare-part', NULL, NULL),
(1060, 'MDQ63560501', 'Frame,Body', NULL, 1, NULL, 1, 'spare-part', NULL, NULL),
(1061, 'MCD62787301', 'Connector,Hose', NULL, 1, NULL, 1, 'spare-part', NULL, NULL),
(1062, '4861FR3068P', 'Clamp', NULL, 1, NULL, 1, 'spare-part', NULL, NULL),
(1063, '4861FR3068K', 'Clamp', NULL, 1, NULL, 1, 'spare-part', NULL, NULL),
(1064, 'EAU62145601', 'Motor Assembly,AC,Drain', NULL, 1, NULL, 1, 'spare-part', NULL, NULL);

--
-- Dumping data for table `parts_info_logs`
--

INSERT INTO `parts_info_logs` (`id`, `parts_info_id`, `parts_item_id`, `title`, `remarks`, `user_id`, `created_at`) VALUES
(1, 47, NULL, 'updated Parts Profile', NULL, 7, '2019-06-24 05:40:34'),
(2, 47, NULL, 'updated Parts Profile', NULL, 5, '2019-06-24 07:51:26'),
(3, NULL, NULL, 'Added a new item', NULL, 7, '2019-06-24 07:59:48'),
(4, NULL, NULL, 'Added a new item', NULL, 7, '2019-06-24 08:03:00'),
(5, 49, NULL, 'Added a new item', NULL, 7, '2019-06-24 08:21:34'),
(6, 49, NULL, 'Added a new item', NULL, 7, '2019-06-24 08:25:27'),
(7, 50, NULL, 'Added a new item', NULL, 7, '2019-06-24 08:54:13'),
(8, 51, NULL, 'Added a new item', NULL, 7, '2019-06-24 09:12:50'),
(9, 52, NULL, 'Added a new item', NULL, 7, '2019-06-24 09:17:08'),
(10, NULL, NULL, 'created a new Parts Item Profile', NULL, 6, '2019-06-25 05:21:29'),
(11, NULL, NULL, 'Added a new item', NULL, 6, '2019-06-25 05:29:01'),
(12, NULL, NULL, 'created Parts Profile', NULL, 6, '2019-06-25 05:33:28'),
(13, 55, NULL, 'created a new Parts Item Profile', NULL, 6, '2019-06-25 07:18:46'),
(14, 55, NULL, 'Added a new item', NULL, 6, '2019-06-25 07:27:41'),
(15, 55, NULL, 'updated Parts Profile', NULL, 6, '2019-06-26 00:29:46'),
(16, 49, NULL, 'Added a new item', NULL, 6, '2019-06-26 04:14:29'),
(17, 50, NULL, 'Added a new item', NULL, 6, '2019-06-26 04:21:25'),
(18, 56, NULL, 'Added a new item', NULL, 6, '2019-06-26 04:31:24'),
(19, 52, NULL, 'Added a new item', NULL, 6, '2019-06-26 04:34:17'),
(20, 57, NULL, 'Added a new item', NULL, 6, '2019-06-26 04:36:45'),
(21, 56, NULL, 'Added a new item', NULL, 6, '2019-06-26 04:39:00'),
(22, 57, NULL, 'updated Parts Profile', NULL, 7, '2019-06-26 05:02:28'),
(23, 56, NULL, 'updated Parts Profile', NULL, 7, '2019-06-26 05:08:08'),
(24, 50, NULL, 'updated Parts Profile', NULL, 7, '2019-06-26 05:18:19'),
(25, 58, NULL, 'Added a new item', NULL, 6, '2019-06-26 05:28:50'),
(26, 58, NULL, 'updated Parts Profile', NULL, 7, '2019-06-26 05:30:21'),
(27, 58, NULL, 'updated Parts Profile', NULL, 7, '2019-06-26 05:30:50'),
(28, 52, NULL, 'Added a new item', NULL, 6, '2019-06-26 05:41:56'),
(29, 49, NULL, 'Added a new item', NULL, 6, '2019-06-26 05:44:27'),
(30, 52, NULL, 'Added a new item', NULL, 6, '2019-06-26 05:46:34'),
(31, 49, NULL, 'Added a new item', NULL, 6, '2019-06-26 05:48:42'),
(32, 49, NULL, 'Added a new item', NULL, 6, '2019-06-26 05:50:39'),
(33, 49, NULL, 'updated Parts Profile', NULL, 7, '2019-06-26 06:07:12'),
(34, 52, NULL, 'updated Parts Profile', NULL, 7, '2019-06-26 06:08:37'),
(35, 57, NULL, 'Added a new item', NULL, 6, '2019-06-26 06:32:31'),
(36, 56, NULL, 'Added a new item', NULL, 6, '2019-06-26 06:35:22'),
(37, 56, NULL, 'Added a new item', NULL, 6, '2019-06-26 06:37:10'),
(38, 59, NULL, 'Added a new item', NULL, 6, '2019-06-26 06:40:11'),
(39, 55, NULL, 'Added a new item', NULL, 6, '2019-06-27 03:55:49'),
(40, 49, 49, 'Added a new item', NULL, 6, '2019-06-27 04:50:41'),
(41, 50, 50, 'Added a new item', NULL, 6, '2019-06-27 04:52:25'),
(42, 49, 51, 'Added a new item', NULL, 6, '2019-06-27 04:53:41'),
(43, 49, 52, 'Added a new item', NULL, 6, '2019-06-27 04:57:33'),
(44, 49, 53, 'Added a new item', NULL, 6, '2019-06-27 04:59:09'),
(45, NULL, NULL, 'Added a new item', NULL, 6, '2019-06-27 05:01:02'),
(46, 56, 55, 'Added a new item', NULL, 6, '2019-06-27 05:02:34'),
(47, 56, 56, 'Added a new item', NULL, 6, '2019-06-27 05:06:10'),
(48, 56, 57, 'Added a new item', NULL, 6, '2019-06-27 05:07:31'),
(49, 56, 58, 'Added a new item', NULL, 6, '2019-06-27 05:08:04'),
(50, 56, 59, 'Added a new item', NULL, 6, '2019-06-27 05:08:43'),
(51, 52, 60, 'Added a new item', NULL, 6, '2019-06-27 05:10:04'),
(52, 52, 61, 'Added a new item', NULL, 6, '2019-06-27 05:11:08'),
(53, 52, 62, 'Added a new item', NULL, 6, '2019-06-27 05:11:56'),
(54, 57, 63, 'Added a new item', NULL, 6, '2019-06-27 05:12:31'),
(55, 49, 64, 'Added a new item', NULL, 6, '2019-06-27 05:13:10'),
(56, 49, 65, 'Added a new item', NULL, 6, '2019-06-27 05:14:04'),
(57, NULL, NULL, 'created Parts Profile', NULL, 6, '2019-06-27 05:17:27'),
(58, NULL, NULL, 'Added a new item', NULL, 6, '2019-06-27 05:20:47'),
(59, 49, 67, 'Added a new item', NULL, 6, '2019-06-27 05:28:51'),
(60, NULL, NULL, 'Added a new item', NULL, 6, '2019-06-27 05:31:41'),
(61, 28, 69, 'Added a new item', NULL, 6, '2019-06-27 05:33:16'),
(62, 52, 70, 'Added a new item', NULL, 6, '2019-06-27 05:35:10'),
(63, 55, NULL, 'updated Parts Profile', NULL, 6, '2019-06-27 05:38:24'),
(64, 59, 71, 'Added a new item', NULL, 6, '2019-06-29 12:07:30'),
(65, 58, 72, 'Added a new item', NULL, 6, '2019-06-29 12:08:59');

--
-- Dumping data for table `parts_items`
--

INSERT INTO `parts_items` (`id`, `unique_code`, `parts_info_id`, `specific_location`, `serial_number`, `incoming_report_id`, `outgoing_report_id`, `is_pulledout`, `is_issued`, `is_deleted`, `created_at`, `updated_at`) VALUES
(49, '655000032169', 49, NULL, '655000032169', NULL, NULL, 0, 0, 0, '2019-06-27 12:50:41', '2019-06-27 12:50:41'),
(50, '655000032172', 50, NULL, '655000032172', NULL, NULL, 0, 0, 0, '2019-06-27 12:52:25', '2019-06-27 12:52:25'),
(51, '655000032163', 49, NULL, '655000032163', NULL, NULL, 0, 0, 0, '2019-06-27 12:53:41', '2019-06-27 12:53:41'),
(52, '655000032167', 49, NULL, '655000032167', NULL, NULL, 0, 0, 0, '2019-06-27 12:57:33', '2019-06-27 12:57:33'),
(53, '655000032164', 49, NULL, '655000032164', NULL, NULL, 0, 0, 0, '2019-06-27 12:59:09', '2019-06-27 12:59:09'),
(55, '655000032147', 56, NULL, '655000032147', NULL, NULL, 0, 0, 0, '2019-06-27 13:02:34', '2019-06-27 13:02:34'),
(56, '655000032144', 56, NULL, '655000032144', NULL, NULL, 0, 0, 0, '2019-06-27 13:06:10', '2019-06-27 13:06:10'),
(57, '655000032148', 56, NULL, '655000032148', NULL, NULL, 0, 0, 0, '2019-06-27 13:07:31', '2019-06-27 13:07:31'),
(58, '655000032145', 56, NULL, '655000032145', NULL, NULL, 0, 0, 0, '2019-06-27 13:08:04', '2019-06-27 13:08:04'),
(59, '633000128931', 56, NULL, '633000128931', NULL, NULL, 0, 0, 0, '2019-06-27 13:08:43', '2019-06-27 13:08:43'),
(60, '053000239347', 52, NULL, '053000239347', NULL, NULL, 0, 0, 0, '2019-06-27 13:10:04', '2019-06-27 13:10:04'),
(61, '053000239345', 52, NULL, '053000239345', NULL, NULL, 0, 0, 0, '2019-06-27 13:11:08', '2019-06-27 13:11:08'),
(62, '053000239344', 52, NULL, '053000239344', NULL, NULL, 0, 0, 0, '2019-06-27 13:11:56', '2019-06-27 13:11:56'),
(63, '633000128932', 57, NULL, '633000128932', NULL, NULL, 0, 0, 0, '2019-06-27 13:12:31', '2019-06-27 13:12:31'),
(64, '655000032166', 49, NULL, '655000032166', NULL, NULL, 0, 0, 0, '2019-06-27 13:13:10', '2019-06-27 13:13:10'),
(65, '655000032165', 49, NULL, '655000032165', NULL, NULL, 0, 0, 0, '2019-06-27 13:14:04', '2019-06-27 13:14:04'),
(67, '655000032173', 49, NULL, '655000032173', NULL, NULL, 0, 0, 0, '2019-06-27 13:28:51', '2019-06-27 13:28:51'),
(69, '521000453855', 28, NULL, '521000453855', NULL, NULL, 0, 0, 0, '2019-06-27 13:33:16', '2019-06-27 13:33:16'),
(70, '530000239346', 52, NULL, '530000239346', NULL, NULL, 0, 0, 0, '2019-06-27 13:35:10', '2019-06-27 13:35:10'),
(71, '009010201529', 59, NULL, '009010201529', NULL, NULL, 0, 0, 0, '2019-06-29 20:07:30', '2019-06-29 20:07:30'),
(72, '006510440079', 58, NULL, '006510440079', NULL, NULL, 0, 0, 0, '2019-06-29 20:08:59', '2019-06-29 20:08:59');

--
-- Dumping data for table `parts_item_logs`
--

INSERT INTO `parts_item_logs` (`id`, `parts_item_id`, `outgoing_report_id`, `incoming_report_id`, `title`, `remarks`, `user_id`, `created_at`) VALUES
(1, NULL, NULL, NULL, 'Added a new item (EAU61805801)', NULL, 6, '2019-06-24 00:31:36'),
(2, NULL, NULL, NULL, 'Added a new item (12345678901)', NULL, 6, '2019-06-24 00:31:36'),
(3, NULL, NULL, NULL, 'Added a new item (12345678902)', NULL, 6, '2019-06-24 00:31:36'),
(4, NULL, NULL, NULL, 'Added a new item (65346543443)', NULL, 7, '2019-06-24 02:43:22'),
(5, NULL, NULL, NULL, 'Added a new item (65346543444)', NULL, 7, '2019-06-24 02:43:22'),
(6, NULL, NULL, NULL, 'Added a new item (65346543445)', NULL, 7, '2019-06-24 02:43:22'),
(7, NULL, NULL, NULL, 'Added a new item (65346543446)', NULL, 7, '2019-06-24 02:43:22'),
(8, NULL, NULL, NULL, 'Added a new item (54J190100552)', NULL, 7, '2019-06-24 02:43:22'),
(9, NULL, NULL, NULL, 'Added a new item (4974052841678)', NULL, 7, '2019-06-24 02:43:22'),
(10, NULL, NULL, NULL, 'Added a new item (1234567890)', NULL, 7, '2019-06-24 03:11:37'),
(11, NULL, NULL, NULL, 'Added a new item (1234567891)', NULL, 7, '2019-06-24 03:11:37'),
(12, NULL, NULL, NULL, 'Added a new item (4800016052132)', NULL, 7, '2019-06-24 03:19:13'),
(13, NULL, NULL, NULL, 'Added a new item (6013002204429872120072)', NULL, 7, '2019-06-24 03:33:42'),
(14, NULL, NULL, NULL, 'Added a new item (6005501616539863420171)', NULL, 7, '2019-06-24 03:34:22'),
(15, NULL, NULL, NULL, 'Moved location (1234567891)', 'T3sting', 6, '2019-06-24 03:47:53'),
(16, NULL, NULL, NULL, 'Added a new item (1234567895)', NULL, 7, '2019-06-24 03:50:49'),
(17, NULL, NULL, NULL, 'Added a new item (811KWSB8C790)', NULL, 7, '2019-06-24 05:35:50'),
(18, NULL, NULL, NULL, 'Added a new item (6550000321659873020240)', NULL, 7, '2019-06-24 07:59:48'),
(19, NULL, NULL, NULL, 'Added a new item (6550000321669873020240)', NULL, 7, '2019-06-24 08:03:00'),
(20, NULL, NULL, NULL, 'Added a new item (655000032166)', NULL, 7, '2019-06-24 08:21:34'),
(21, NULL, NULL, NULL, 'Added a new item (655000032165)', NULL, 7, '2019-06-24 08:25:27'),
(22, NULL, NULL, NULL, 'Added a new item (655000032173)', NULL, 7, '2019-06-24 08:54:13'),
(23, NULL, NULL, NULL, 'Added a new item (005210453855)', NULL, 7, '2019-06-24 09:12:50'),
(24, NULL, NULL, NULL, 'Added a new item (053000239346)', NULL, 7, '2019-06-24 09:17:08'),
(25, NULL, NULL, NULL, 'Added a new item (2WOEMEO8SZ)', NULL, 6, '2019-06-25 05:29:01'),
(26, NULL, NULL, NULL, 'Added a new item (EBR75370601)', NULL, 6, '2019-06-25 05:51:08'),
(27, NULL, NULL, NULL, 'Added a new item (EBR75370601w)', NULL, 6, '2019-06-25 06:27:50'),
(28, NULL, NULL, NULL, 'Added a new item (EBR75370601e)', NULL, 6, '2019-06-25 06:27:50'),
(29, NULL, NULL, NULL, 'Added a new item (4806028900072)', NULL, 6, '2019-06-25 07:27:41'),
(30, NULL, NULL, NULL, 'Moved location (4806028900072)', 'For testing', 6, '2019-06-25 23:45:26'),
(31, NULL, NULL, NULL, 'Added a new item (655000032169)', NULL, 6, '2019-06-26 04:14:29'),
(32, NULL, NULL, NULL, 'Added a new item (655000032172)', NULL, 6, '2019-06-26 04:21:25'),
(33, NULL, NULL, NULL, 'Added a new item (655000032144)', NULL, 6, '2019-06-26 04:31:24'),
(34, NULL, NULL, NULL, 'Added a new item (053000239347)', NULL, 6, '2019-06-26 04:34:17'),
(35, NULL, NULL, NULL, 'Added a new item (633000128932)', NULL, 6, '2019-06-26 04:36:45'),
(36, NULL, NULL, NULL, 'Added a new item (655000032147)', NULL, 6, '2019-06-26 04:38:59'),
(37, NULL, NULL, NULL, 'Added a new item (006510440079)', NULL, 6, '2019-06-26 05:28:50'),
(38, NULL, NULL, NULL, 'Added a new item (053000239344)', NULL, 6, '2019-06-26 05:41:56'),
(39, NULL, NULL, NULL, 'Added a new item (655000032163)', NULL, 6, '2019-06-26 05:44:27'),
(40, NULL, NULL, NULL, 'Added a new item (053000239345)', NULL, 6, '2019-06-26 05:46:34'),
(41, NULL, NULL, NULL, 'Added a new item (655000032164)', NULL, 6, '2019-06-26 05:48:42'),
(42, NULL, NULL, NULL, 'Added a new item (655000032167)', NULL, 6, '2019-06-26 05:50:38'),
(43, NULL, NULL, NULL, 'Added a new item (633000128931)', NULL, 6, '2019-06-26 06:32:31'),
(44, NULL, NULL, NULL, 'Added a new item (655000032148)', NULL, 6, '2019-06-26 06:35:22'),
(45, NULL, NULL, NULL, 'Added a new item (655000032145)', NULL, 6, '2019-06-26 06:37:10'),
(46, NULL, NULL, NULL, 'Added a new item (009010201529)', NULL, 6, '2019-06-26 06:40:11'),
(47, NULL, NULL, NULL, 'Added a new item (4036ER2004A)', NULL, 6, '2019-06-27 03:55:49'),
(48, 49, NULL, NULL, 'Added a new item (655000032169)', NULL, 6, '2019-06-27 04:50:41'),
(49, 50, NULL, NULL, 'Added a new item (655000032172)', NULL, 6, '2019-06-27 04:52:25'),
(50, 51, NULL, NULL, 'Added a new item (655000032163)', NULL, 6, '2019-06-27 04:53:41'),
(51, 52, NULL, NULL, 'Added a new item (655000032167)', NULL, 6, '2019-06-27 04:57:33'),
(52, 53, NULL, NULL, 'Added a new item (655000032164)', NULL, 6, '2019-06-27 04:59:09'),
(53, NULL, NULL, NULL, 'Added a new item (655000032144)', NULL, 6, '2019-06-27 05:01:02'),
(54, 55, NULL, NULL, 'Added a new item (655000032147)', NULL, 6, '2019-06-27 05:02:34'),
(55, 56, NULL, NULL, 'Added a new item (655000032144)', NULL, 6, '2019-06-27 05:06:10'),
(56, 57, NULL, NULL, 'Added a new item (655000032148)', NULL, 6, '2019-06-27 05:07:31'),
(57, 58, NULL, NULL, 'Added a new item (655000032145)', NULL, 6, '2019-06-27 05:08:04'),
(58, 59, NULL, NULL, 'Added a new item (633000128931)', NULL, 6, '2019-06-27 05:08:43'),
(59, 60, NULL, NULL, 'Added a new item (053000239347)', NULL, 6, '2019-06-27 05:10:04'),
(60, 61, NULL, NULL, 'Added a new item (053000239345)', NULL, 6, '2019-06-27 05:11:08'),
(61, 62, NULL, NULL, 'Added a new item (053000239344)', NULL, 6, '2019-06-27 05:11:56'),
(62, 63, NULL, NULL, 'Added a new item (633000128932)', NULL, 6, '2019-06-27 05:12:31'),
(63, 64, NULL, NULL, 'Added a new item (655000032166)', NULL, 6, '2019-06-27 05:13:10'),
(64, 65, NULL, NULL, 'Added a new item (655000032165)', NULL, 6, '2019-06-27 05:14:04'),
(65, NULL, NULL, NULL, 'Added a new item (655000032173)', NULL, 6, '2019-06-27 05:20:47'),
(66, 67, NULL, NULL, 'Added a new item (655000032173)', NULL, 6, '2019-06-27 05:28:51'),
(67, NULL, NULL, NULL, 'Added a new item (521000453855)', NULL, 6, '2019-06-27 05:31:41'),
(68, 69, NULL, NULL, 'Added a new item (521000453855)', NULL, 6, '2019-06-27 05:33:16'),
(69, 70, NULL, NULL, 'Added a new item (530000239346)', NULL, 6, '2019-06-27 05:35:10'),
(70, 71, NULL, NULL, 'Added a new item (009010201529)', NULL, 6, '2019-06-29 12:07:30'),
(71, 72, NULL, NULL, 'Added a new item (006510440079)', NULL, 6, '2019-06-29 12:08:59');

--
-- Dumping data for table `ques`
--

INSERT INTO `ques` (`id`, `date_scaned`, `name`, `remarks`, `user_id`, `completed`, `created_at`, `updated_at`) VALUES
(3, '2019-06-24 01:33:47', 'Dryer', NULL, 6, 1, '2019-06-24 09:33:47', '2019-06-24 10:19:51'),
(4, '2019-06-24 03:08:18', 'Dryer', NULL, 7, 1, '2019-06-24 11:08:18', '2019-06-24 11:09:23'),
(5, '2019-06-24 03:15:04', 'C2Green Tea', NULL, 7, 1, '2019-06-24 11:15:04', '2019-06-24 11:16:34'),
(6, '2019-06-24 03:29:54', 'T5130', 'Tumble Dryer', 7, 1, '2019-06-24 11:29:54', '2019-06-24 11:30:02'),
(7, '2019-06-24 03:31:00', 'W555H', 'Washer', 7, 1, '2019-06-24 11:31:00', '2019-06-24 11:31:03'),
(8, '2019-06-24 03:49:06', 'Test', NULL, 6, 1, '2019-06-24 11:49:06', '2019-06-24 11:49:10'),
(9, '2019-06-24 05:16:44', 'Titan Dryer', NULL, 7, 1, '2019-06-24 13:16:44', '2019-06-24 13:30:18'),
(10, '2019-06-25 02:47:33', 'Dryer', 'For client', 6, 1, '2019-06-25 10:47:33', '2019-06-25 13:41:50'),
(11, '2019-06-25 06:26:31', 'Golez, Princes Grace', NULL, 6, 1, '2019-06-25 14:26:31', '2019-06-25 14:26:45');

--
-- Dumping data for table `que_items`
--

INSERT INTO `que_items` (`id`, `que_id`, `code`, `done`, `created_at`, `updated_at`) VALUES
(4, 3, '65346543443', 1, '2019-06-24 09:33:47', '2019-06-24 10:43:22'),
(5, 3, '65346543444', 1, '2019-06-24 09:44:33', '2019-06-24 10:43:22'),
(6, 3, '65346543445', 1, '2019-06-24 09:47:58', '2019-06-24 10:43:22'),
(7, 3, '65346543446', 1, '2019-06-24 09:50:47', '2019-06-24 10:43:22'),
(8, 3, '54J190100552', 1, '2019-06-24 09:55:13', '2019-06-24 10:43:22'),
(9, 3, '4974052841678', 1, '2019-06-24 10:19:43', '2019-06-24 10:43:22'),
(10, 4, '1234567890', 1, '2019-06-24 11:08:18', '2019-06-24 11:11:37'),
(11, 4, '1234567891', 1, '2019-06-24 11:09:14', '2019-06-24 11:11:37'),
(12, 5, '4800016052132', 1, '2019-06-24 11:15:04', '2019-06-24 11:19:13'),
(13, 6, '6013002204429872120072', 1, '2019-06-24 11:29:54', '2019-06-24 11:33:42'),
(14, 7, '6005501616539863420171', 1, '2019-06-24 11:31:00', '2019-06-24 11:34:22'),
(15, 8, '1234567895', 1, '2019-06-24 11:49:06', '2019-06-24 11:50:49'),
(16, 9, '811KWSB8C790', 1, '2019-06-24 13:16:44', '2019-06-24 13:35:50'),
(18, 10, 'EBR75370601', 1, '2019-06-25 13:41:48', '2019-06-25 13:51:08'),
(19, 11, 'EBR75370601w', 1, '2019-06-25 14:26:31', '2019-06-25 14:27:50'),
(20, 11, 'EBR75370601e', 1, '2019-06-25 14:26:43', '2019-06-25 14:27:50');

--
-- Dumping data for table `roles`
--

INSERT INTO `roles` (`id`, `name`, `description`) VALUES
(1, 'developer', 'Mostly for backoffice'),
(2, 'admin', 'This is awesome'),
(3, 'manager', 'This is still awesome'),
(4, 'editor', 'Can show/edit/enter new item'),
(5, 'dispatch', 'Can dispatch only'),
(6, 'receiver', 'Can receive items only');

--
-- Dumping data for table `role_users`
--

INSERT INTO `role_users` (`user_id`, `role_id`) VALUES
(1, 2),
(2, 2),
(3, 3),
(4, 3),
(5, 1),
(5, 4),
(5, 5),
(5, 6),
(6, 1),
(6, 4),
(6, 5),
(6, 6),
(7, 5),
(7, 4),
(7, 3),
(7, 6);

--
-- Dumping data for table `suppliers`
--

INSERT INTO `suppliers` (`id`, `name`, `created_at`, `updated_at`) VALUES
(1, 'LG', NULL, NULL),
(2, 'Electrolux', NULL, NULL);

--
-- Dumping data for table `trucks`
--

INSERT INTO `trucks` (`id`, `plate_number`, `name`, `code`, `created_at`, `updated_at`) VALUES
(1, '000000', 'L300', NULL, NULL, NULL),
(2, '000000', 'Foton', NULL, NULL, NULL),
(3, '000000', '3PL', NULL, NULL, NULL);

--
-- Dumping data for table `users`
--

INSERT INTO `users` (`id`, `lastname`, `firstname`, `middlename`, `email`, `email_verified_at`, `password`, `remember_token`, `created_at`, `updated_at`, `address`) VALUES
(1, 'Ermita', 'Joey', NULL, 'admin1@gmail.com', NULL, '$2y$10$Zff63VW/mkhFNt/iROW7aeJ.h5EtPa6wtPf1hoPxwHtu3PI/eP8aO', NULL, NULL, NULL, NULL),
(2, 'Ermita', 'BA', NULL, 'admin2@gmail.com', NULL, '$2y$10$X1GSOfW2EWvJrafzSdm6HO5jzCyBpsHarctAiNYVdM57lzGRQB3we', NULL, NULL, NULL, NULL),
(3, 'JC', 'JC', NULL, 'jc@gmail.com', NULL, '$2y$10$MbmevrMXZjGtWbJJeHyQS.YIxK5iYDhY.AY4g6FyaEnJtsAv0fSde', NULL, NULL, NULL, NULL),
(4, 'Galit', 'Jomel', NULL, 'jomel@gmail.com', NULL, '$2y$10$RZD2rmYP3zCN.G1wsG8iReI2GNnjYkr/O/ozi7Vt/y0dILuQa2I2O', NULL, NULL, NULL, NULL),
(5, 'Resinada', 'Darwen', NULL, 'darwen@gmail.com', NULL, '$2y$10$4l1QxOk2XFxInl5xT2XlquRoxwAi01qRX1oc0zIBP0.hMC38m0oge', NULL, NULL, NULL, NULL),
(6, 'Grateja', 'Jay', NULL, 'jay@gmail.com', NULL, '$2y$10$aGgKvx5Yab.Mi3WsRv8j8.F6XqwEg3ThjR./yjsXGv3AV7tv3Nlfy', '8Sd9Ot1SM19hzKRImqbKi1M8sDC3W1B5yO4nV6BcyeIQdAjRxETLwL3pOXF0', NULL, NULL, NULL),
(7, 'Asuncion', 'Chito', NULL, 'asuncion_chito@yahoo.com', NULL, '$2y$10$RAu1eufdFNMdVVEPFeT46OVkpf6Iq5yp2EoWvneoKHBewy7337SRO', NULL, '2019-06-24 02:16:25', '2019-06-24 02:16:25', NULL);
COMMIT;

/*!40101 SET CHARACTER_SET_CLIENT=@OLD_CHARACTER_SET_CLIENT */;
/*!40101 SET CHARACTER_SET_RESULTS=@OLD_CHARACTER_SET_RESULTS */;
/*!40101 SET COLLATION_CONNECTION=@OLD_COLLATION_CONNECTION */;
